,date,title,article,label
0,2022-05-29 23:26:00,내일 군대가네,잘 다녀오겠습니다~,[]
1,2022-05-27 23:59:00,에스파 역시나 고대 축제에서도 립싱크하던데,닝닝 고음파트에서 마이크 조정하는척 하는거 존웃,[]
2,2022-05-29 22:54:00,0,"rc101이고 rc자기주도고 이젠 그냥 RC 붙은 것들 보기만 해도 발작 일어날 것 같음
좆같은 거 그만 시켜
그만 괴롭혀줘 씨발 제발","[{'악플/욕설': 'rc101이고 rc자기주도고 이젠 그냥 RC 붙은 것들 보기만 해도 발작 일어날 것 같음'}, {'악플/욕설': '좆같은 거 그만 시켜'}, {'악플/욕설': '그만 괴롭혀줘 씨발 제발'}]"
3,2022-05-29 21:03:00,좋은 기운 얍,"이 글 쓴 사람인데 취뽀했어요

꾸준히 노력하고 조급해하지 않는 게 마음처럼 쉽지 않더라도, 사진 속에 글처럼 저 자신에 대한 믿음은 어떻게든 지키려고 애썼습니다.
앞으로도 '난 할 수 있다'는 말 항상 마음에 간직할 겁니다.

이 게시판 통해서 큰 위로도 얻고 용기도 얻었기에 참 감사했습니다. 저도 힘이 될 수 있도록 응원하겠습니다.

취준하면서 느낀 가장 중요한 건 이거에요. 자신의 잠재력을 믿고 끌어 올려주는 것. 이게 제일 중요한 거 같아요.

충분히 해낼 수 있습니다. 전 그렇게 믿어요.",[]
4,2022-05-29 21:55:00,이때가 그리우면 개추ㅋㅋㅋㅋ,에타에서 다들 환호하던 때가 그립다,[]
5,2022-05-29 22:05:00,안봐서 잘 모르겠지만,정신병겜 응원하는 사람들이라 그런지 정신병이 확실하구만,[{'기타 혐오': '정신병겜 응원하는 사람들이라 그런지 정신병이 확실하구만'}]
6,2022-05-29 21:29:00,승리의 T1 팬들 출첵 ㄱㅈㅇㅇㅇㅇㅇㅇ~,대 황 슼,[]
7,2022-05-29 21:25:00,ㅋㅋ 이름 안불러줬다고 해설자 매장시키려고한 슼갈들,너무 고소해~,[]
8,2022-05-29 18:13:00,지금 신촌에서 탈원전-환경보호 시위 중인데,"대체 에너지는 에너지 밀도도 충분하지 못하고 발전량도 부족하다는 것.
이산화탄소 배출 감소, 지구 온난화를 막기 위해서는 원자력 발전 말고는 뾰족한 수가 없다는 것을 아직도 모르나?
아니면 알면서 시민단체 지원금과 자기 이력서에 추가할 스펙을 위해 이 모순을 회피하는 것인가?",[{'악플/욕설': '아니면 알면서 시민단체 지원금과 자기 이력서에 추가할 스펙을 위해 이 모순을 회피하는 것인가?'}]
9,2022-05-29 21:02:00,고민있습니다.. 남성분들 들어와주세요..,"어그로 죄송합니다 ,, 금요일에 있을 도시과 일일호프 한 번만 홍보하고 가겠습니다 ,,

?? 현재 여성분들의 비중이 높습니다!
?? 남성분들 많은 신청 부탁드립니다!!
?? 사람이 몰릴 경우 줄을 서야 할 수도 있습니다!

? : 연세 도시공학과에서 일일호프를 연대!
? : 뭐라고? 도대체 몇 년 만이지?! 이건 꼭 가야 해!
? : 다 같이 떼창도 하면서 잊을 수 없는 추억을 만들 거래! 물론 썸 같은 것도 생기고♥
? : 우리 당장 갈래??

?꿀잼 보장 합석 가능?
연세대학교 도시공학과가 ‘바플라이’에서 일일호프를 진행합니다.

?언제? 6월 3일 금요일 오후 7시부터
?어디서? 신촌 바플라이(??????)
?얼마? 사전예약 5000원, 미팅테이블(사전예약만 가능) 6000원, 당일예약 7000원(?∀?)

??사전예약 방법
1. 카카오뱅크 3333217988648 김소연 으로 5000원 입금?
2. https://naver.me/xtqMxC8U 에서 네이버 폼 작성?

?문의?
사전예약 ??010-7712-9866 김소연
기타 ? 010-3447-7280 심민송",[]
10,2022-05-29 19:53:00,와 피지컬지린다,딸깍딸깍,[]
11,2022-05-29 19:40:00,요즘 아이돌 보면 회의감이 든다,"립싱크 해도 가수 소리 듣고
남이 만들어준 노래 부르고 남이 만들어준 춤 추고도 (실력은 끼 좀 있는 중고생 수준 같음) 아티스트 소리 듣고
그러고 사는 아이돌들 보면 회의감 든다
차라리 얼굴만 칭찬받는거 보면 그러려니 할텐데

나보다 돈 몇 배는 벌고 살거라서 부러워하는거 맞음!
실력 좋은 아이돌 있는것도 인정

반박은 자유롭게 받음",[]
12,2022-05-29 20:17:00,0,"나는 내 능력에 비해서 너무 좋은 대학에 온거 같다

수시는 다 떨어지고 정시로 교차해서 상경계열 에 왔다

정시는 최초합 2개하고 연대는 추합했는데 내 능력이 딸리는게 이제 느껴진다

물론 아직 3개월도 안다닌 대학이지만 머리의 효율성이 현저히 떨어지는 게 느껴진다

나에게는 최초합한 대학이 딱 맞는 대학이었나보다

교차지원이었지만 이 전공에 어느정도 관심이 있었고 이 학과에 붙었을 때도 매우 기뻤다

전공수업도 기대를 했고 기대만큼 재미있었다

근데 세상을 재미로만 살 순 없더라

재밌는거랑 별개로 공부를 하고 시험을 보는건 너무 힘들었다

이제는 이전공이 나에게 맞는지, 내가 이길을 걷는게 맞는지 조차 모르겠다

이 과를 졸업하고 하고싶은것도 뚜렷하게 존재한다

꿈이 있으면 동기부여가 되고 열심히 사려고 노력한다던데 나는 왜이럴까

고등학교때는 대입이라는 명확하고 가까운 목표가 있었지만 지금은 취직이라는 목표자체가 너무 멀어서 그런걸까

고등학교를 다닐때는 능력이 출중하다는 소리를 꽤나 들었는데 여기 오니 다 나보다 몇수앞은 보고사는 사람들 같다

위화감이 느껴져서 친해지기도 힘들다

그냥 사회성이 떨어지는건가

아무튼 나는 이 대학에 오면서 자존감도 떨어지고 사회적 교감능력도 떨어졌으며 그저 취업을 위한 스펙으로 4년을 소비한다는 느낌이 들었다

과연 과탑까지 하는 분들도 이런 생각을 해봤을까

이상 시험기간에 공부하기싫은 대학생이 멍때리다 생각한 넋두리입니다 이런 말을 받아줄 사람도 곁에 없어서 대나무숲마냥 떠들어봤네요...",[]
13,2022-05-29 18:03:00,0,나는 행복합니다,[]
14,2022-05-29 16:50:00,0,"무무대베이크

친구가 맛집 네비게이턴데 인스타스토리에
서문 존재 이유 어쩌고라고 올려서 궁금해서 가봤어요

위치는 긴자료코 근처고
인스타보면 진짜 신기하고 요상한 케이크 많이 만드시는데
저는 무난하게 푸딩케이크랑 휘낭시에 먹었습니다

그냥 단거 다 좋아하는 사람이라서 저는 맛있다하고 끝났는데
같이 먹은 친구가 되게 미식가인데 휘낭시에 겉바속촉의 정석이라며 극찬했습니다

휘낭시에 이름은 버섯이랑 독버섯인데ㅋㅋㅋㅋ
보통 컨셉이 특이하다하면 비싸거나 맛이없거나 하는 단점이 있던데
여기는 가격도 합리적이고 맛도 좋아요!

무엇보다 사장님 너무 착하시고 친절하셔서 연맛게에 써야겠다고 다짐했습니다…! 가보시면 알거에요 얘기 몇마디 안나눴는데 기분이 좋아질 정도였어요 ㅎㅎ

사진은 대충 찍었지만… 아무튼 존맛이었습니다 웬만한 연희동 연남동 디저트 맛집보다 좋았어요!",[]
15,2022-05-29 18:13:00,에스파 딴 거보다도,"4곡 20분 정도 부르고 (ft. 립싱크, 5천만원)

한양대로 빤스런 한 게 큰 듯..

분당 250만원 진짜 톱 클라스긴 한데",[]
16,2022-05-29 18:52:00,신,신,[]
17,2022-05-28 21:54:00,0,"애인한테 시계나 향수 대신에 시놀로지, aws 크레딧 받는게 더 좋은사람?",[]
18,2022-05-29 16:54:00,에스파 5:21 초 레전드네,"https://youtu.be/F81d6HsFuFk

립싱크면 입을 움직이는 성의라도 보여주세요..",[]
19,2022-05-29 14:25:00,싸이 3천도 안 받음?,살짝 놀랍네,[]
20,2022-05-29 16:09:00,공주 산책하고 돌아왔어..,오늘 햇볕이 많이 따가워..,[]
21,2022-05-29 16:05:00,이번주 아는형님 논란,.....?,[]
22,2022-05-27 15:31:00,교육감 조전혁,"조희연 빼고 누구 찍어야할지 헷갈리더라
여론조사결과
https://n.news.naver.com/article/366/0000815689",[]
23,2022-05-23 00:08:00,사람마다 생각이 정말로다른게 아름다움,"누군가는 자신이 스포트라이트를 받는 무대에서 살고있고

누군가는 남들에게 미움받지않으려고 부단히 노력하고

누군가는 남들을 배려하고 봉사하면서 살고

누구는 지구문명 전체를 붕괴시켜서 산업혁명을 취소하려고 하고

누구는 아직도 착한아이 가면에 지배당하고있고

누구는 수학의 세계에 살고있고

이 모든사람이 주변에 있다는게 아름다움",[]
24,2022-05-29 15:01:00,제 옷장 평가좀요,어떤가요,[]
25,2022-05-26 18:19:00,0,"타코마씸

맛있넹
인테리어가 특히 아주 마음에 들었음
woody 하면서 mini 한 느낌
가격은 좀 센데 (9천원 or 1만원)
고기가 많이 들어있음
주인 아주머니도 친절하심
박스퀘어 가는 길에 있음",[]
26,2022-05-25 17:07:00,0,"솔이랑 놀 때는 손을 조심하세요

살살 물긴 하는데 아파요",[]
27,2022-05-29 13:53:00,f(f(x)),.,[]
28,2022-05-28 20:59:00,0,"하 공부 해야하는데,,하기가 싫ㅇ아",[]
29,2022-05-29 10:23:00,끄리스띠아노~,끄리스띠아노~ 끄리스띠아노~,[]
30,2022-05-28 22:59:00,0,나는 행복합니다,[]
31,2022-05-29 09:58:00,리중딱이 뭔가요?,남사친이 리중딱 리중딱 거리는데 무슨 뜻인가요? 일베용어인가요?,[]
32,2022-05-29 10:22:00,누가 선배님한테 이것 좀 보여드려,매운 맛을 봐야돼,[]
33,2022-05-28 17:23:00,ㅋㅋㅋ중국 교과서 웃기네,"https://n.news.naver.com/article/025/0003198382
좀 역한데ㅋㅋㅋㅋ
꼬툭튀도 아니고 대놓고 선걸 보여주네ㅋㅋ
땀은 지 땀 먹으면 되지 왜 남의 땀을 먹누",[]
34,2022-05-27 07:34:00,0,"정문-연세로 가는 길 초입에 있는 ""드로윙""

커피류, 과일주스 파는 포장마차(?) 같은 가게.

본인은 아이스 아메리카노 2500원짜리 사마셨고 벤티 사이즈에 산미 약간 있는 정도.

아무 생각 없었는데 아저씨께서 진하게 마시는지 연하게 마시는지 물어보셔서 적당히 진한 정도로 내려달라고 부탁함.

건물 안에 있는 가게가 아니고 붕어빵 팔듯이 야외에 작게 부스 안에서 팔길래 평소에 그냥 지나쳤는데 오늘 아침에 문연 카페가 없어서 츄라이 해봄.

아저씨께서 되게 긍정적이시고 친절하셔서 아침부터 기분이 좋아짐. 규모는 작지만 주스나 커피 만드는 과정을 앞에서 다 지켜볼 수 있어서 위생은 걱정 안해도 될 듯!",[]
35,2022-05-28 14:16:00,0,"유튜브 먹방/브이로그 끊으니까 식욕 개줄어든닼ㅋㅋㅋㅋ
그 전까지 먹방 대리만족인 줄 알았는데 아니더라 ㄹㅇ 생전 먹어볼 생각도 없던 음식이나 존재하는지도 몰라서 안 먹던 디저트 같은 것도 알게 되면서 먹고 싶고 오히려 식욕 스펙트럼만 더 늘어나는 듯. 그리고 원래 안 좋아했던 음식도 좋아하게 된다고 해야하나? 나 원래 크림이나 치즈 이런거 느끼한거 절대 못 먹는 입맛이었는데 하도 다들 막 꾸덕꾸덕한 크림 이런거 먹으니까 그거 보면서 입맛도 바뀌게 되더랔ㅋㅋㅋㅋㅋㅋ
그리고 심지어 먹방 브이로그가 아니더라도 먹는 거 나오는 브이로그 같은 것도 뭔가 그 찍는 사람이 말랐는데 디저트 먹으러 다니고 이런거 보면 괜히 나도 똑같이 그만큼 먹어도 괜찮을 것 같고 그래서 먹게 됨ㅋㅋㅋㅋㅋㅋㅋㅋ근데 그 사람은 마른체질인 사람이거나 아니면 영상에서는 많이 먹는 것처럼 찍고 사실은 한입씩만 먹는다거나 그러는 경우도 많은데 난 일단 그런 체질도 아니고 한입씩만 먹지 않기 때문에 살은 나만 찌더라ㅋㅋㅋㅋㅋㅋㅋ
유튜브 들어가면 먹방이나 브이로그 영상들 알고리즘에 가득했는데 최근에 모연예인 입덕하는 바람에 그 연예인 영상 보느라 안 봤더니 식욕 진짜 엄청 줄어듬.. 뭔가 다시 좀 안정화가 된 느낌이야 음식 집착 많이 줄었어.. 혹시 식욕 참기 힘들다 하는 사람들 먹방 한달만 끊어봐 ㄹㅇ.. 대리만족 같겠지만 그게 무의식에서 오히려 식욕 날뛰게 하는 것 같음",[{'종교': '유튜브 먹방/브이로그 끊으니까 식욕 개줄어든닼ㅋㅋㅋㅋ'}]
36,2022-05-25 21:40:00,0,파워 오브 도그,[]
37,2022-05-22 20:08:00,0,"난 그만 좀 아프고 싶다.

생각해보면 나는 항상 어딘가 아팠다.

초등학교 때 맹장이 터지고 탈장 수술을 하고 두피가 찢어져 꿰메고는 했다. 설사나 두통 비염은 없는 날이 없었다.

중딩때는 특목고 준비한다고 스트레스를 많이 받았다. 비염이 너무 심각해서 엄마가 한의원에 돈 꽤나 쓰셨다. 중학교때부터 우울하기 시작했다.

고딩때 대입 준비한다고 스트레스가 심했다. 비염은 여전했으며 위장병이 도졌다. 고3 중간고사때 비염이 너무 심해서 처음으로 자살을 생각했다. 위장도 아파 화장실을 자주 가기 시작했더.

대딩때 몸에 큰일이 터졌다. EBS에 나왔던 의사가 내 목숨을 장담하지 못했다. 다행히 생존은 확실해졌으나 난 겉보기에도 뭔가 불안정해 보였다. 80kg 남자가 공공장소에서 엄마랑 얘기하다가 엉엉 울기도 했다. 성인이 되고 겪어보는 일들은 나 혼자서는 감당 불가했다. 급식때 믿고 살았던 엄마도 이제는 모르는 일이 많아졌다.

대딩 4학년 마침내 큰 일이 완치되었다. 그렇다고 쌩쌩 날라다닐 처지는 아니었다. 여전히 놀이기구는 못타고 침대에서 뒤척이면 어지러운 경우더 있었다. 대딩 동안 취업 걱정에 스트레스를 많이 받았다. 공대에서 좋은 학점은 못받았고 지인이라고 부를만한 인맥은 단 한명도 없다. 내가 채용담당자라도 나는 안뽑을 것 같았다. 머리도 안좋고 몸도 안좋고 인간관계도 안좋으면 굳이 뽑을 이유가 없다. 결국 남들 다 간다는 대기업은 다 탈락했다(이 때 당시엔 공대나오면 대기업은 다 가는 분위기였다). 이 때는 내가 우울증같은 정신병이 있었을거라 생각한다. 생각이 꼬리를 물고 이어지다 보면 위가 너무 아팠다. 제산제를 약국에서 사와서 꺼내먹었으며 항히스타민제도 사다놓았다.

눈을 낮춰서 중견기업에 입사했다. 회사는 예상처럼 ㅈ같았다. 취업 걱정은 사라지고 퇴사 걱정이 시작되었다. 이 때부터 내 위장이 맛이 가기 시작했다. 먹은 것도 없는데 가스가 엄청 나오고 배가 아파서 허리를 필 수 없을 때도 있었다. 드디어 벼르던 정신과를 찾아갔는데 우울증이 아니라고 했다. 그렇게 난 너무 건강이 안좋아져서 퇴사했다.

퇴사하니까 너무 몸이 괜찮아 졌다. 그런데 이번 주부터 너무 머리가 기분나쁘게 아프고 위장 통증과 가스가 심해졌다. 병원가서 약을 타고 내시경 검사도 하고 했는데 이상 없댄다. 이렇게 아프다 보니까 난 퇴사 후 계획도 제대로 하지 못하고 있다.

이렇게 돌이켜보면 항상 나는 아팠다. 그래서 그런가 내일모레 30인데 난 아직도 모솔이고 앞으로도 여자를 만나고 싶은 생각이 안든다. 아파서 다른 사람 만날 여유도 없다. 그저 아픔이 가시기를 기다리고 있다.

내 삶에 희망이 생겼으면 좋겠다.",[]
38,2022-05-29 04:30:00,<헤어질 결심> 박찬욱 감독 감독상 수상,축하드립니다!,[]
39,2022-05-29 04:10:00,송강호 칸 영화제 남우주연상,수상,[]
40,2022-05-29 04:10:00,송강호 칸 영화제 남우주연상,수상,[]
41,2022-05-29 01:07:00,네이마르? 젖습니다,"에데르송? 젖습니다 히샬리송도 젖습니다?
티실까지 젖습니다??
네이마르에메르송히샬리송티실 다~다 젖습니다??
물에 젖고 물만 맞는 여기는 아마존??????",[]
42,2022-05-28 21:27:00,0,"밑에 유병삼 피터린치 글 보고 검색해봤는데
......? 이건 교수님 본인 아니심 ?????",[]
43,2022-05-29 01:51:00,카이스트에서,"지금 뜨거운 감자라는데 답 아시는분 ㅠㅠ
제발 같이 풀어주라 너무 궁금함",[]
44,2022-05-29 01:12:00,자기 아빠가,나는 자연인이다 애청자면 손,[]
45,2022-05-28 18:52:00,창업지원단 서류 결과 안나온 사람 .. 휴,좋아요 눌러보자,[]
46,2022-05-28 23:16:00,아바타 성희롱 절대 금지,눈치 챙겨,[]
47,2022-05-28 13:00:00,0,"육회본가

육회 먹고 장염 걸렸네요 ㅠㅠ
맛이 좀 이상하다 싶었는데 육회말고 먹은 게 없어서..",[]
48,2022-05-28 23:58:00,젖닌들이 코파 수준 드립치면 웃긴게,"지네 주인님 남미팀 상대전적은 알고 그러는건지 흠
남미 출신 아닌게 다행이신듯","[{'인종/국적': '젖닌들이 코파 수준 드립치면 웃긴게'}, {'악플/욕설': '지네 주인님 남미팀 상대전적은 알고 그러는건지 흠'}]"
49,2022-05-28 22:18:00,지수 진짜 고급지게 예쁘다,확실히 배우상은 아닌데 아이돌스럽게 고급진 느낌,[]
50,2022-05-28 13:44:00,0,해걸이 너무 힘들다 ㄹㅇ 슈밤바.......................,[{'악플/욕설': '해걸이 너무 힘들다 ㄹㅇ 슈밤바.......................'}]
51,2022-05-28 15:12:00,0,"2학사 B동 3층 어딘지 모르겠는데 파워 워킹 좀 그만해

계속 쿵쾅거리는데 피곤해서 쉬고 싶어도 덕분에 못 쉼
한 번 얘기 좀 하게 어딘지 특정 지으려고 했는데
어딘지도 모르겠음 ㅋㅋㅋㅋㅋㅋㅋㅋㅋㅋㅋㅋㅋ

한 두번이면 몰라,
입사할 때부터 계속 그랬어
처음에는 나도 너무 바빴어서 들어도 외출해서 상관없었는데
이제 좀 쉬려니까 이러네

제발 에타 하는 사람이였으면 좋겠다
이젠 진짜 환청이 들릴 정도임
너무 힘드니까 슬리퍼를 사던지, 살금살금 걸어다니든지 해줘.

영상은 잡음이 심해서 스피커로 설정하고 음성 최대로 하고 들으면 들림
영상에선 작게 들릴 수 있으나 실제론 방에 종소리마냥 울림",[]
52,2022-05-27 12:21:00,0,"연희동 apart
오므라이스 9000원
서울외국인학교 맞은편 / 나나하치 옆에 있어요.
계란이 부드러웠고 소스도 맛있었어요.
가성비 따지면 윤오므라이스 1승인데 맛으로만 따지면 여기도 좋은 선택일듯요
예약석이 많았던걸 보니 인스타나 전화로 예약하는게 나을수도..?",[]
53,2022-05-28 10:04:00,0,"<연희미식>

연희동 오향만두 옆에 있는 중식포차임
오향만두랑 비슷하게 생긴데다가 둘다 가게가 워낙 작아서 처음 가는 사람은 구분이 잘안갈수있음

여기가 얼마나 존맛포차냐 하면 작년 여름에 여기서 샘해밍턴이랑 김원효봄
연희동답게 중국아주머니가 직접 하시는 곳임
그런데 또 중국분이 하시는곳답게 포차임에도 불구하고 10시에 마감한다는 치명적인 단점이 있음

먼저 여기는 밥집은 아님
그래서 여기서 말하는 가성비는 밥집이 아니라 배따시게 밥먹은 후에 간단한 안주랑 술한잔 할 수 있는 가게로서의 가성비인걸 참고바람

술집이다보니 술마시느라 바빠서 사진이 별로없어서 많은 메뉴를 리뷰하지 못했지만 아래 메뉴들 말고도 대부분의 메뉴가 존맛탱임

늘 그랬듯이 맛있음의 등급은 맛있는 순으로
<극대노/대노/중노/소노>임",[]
54,2022-05-28 20:42:00,0,"음대생들 안녕
난 타과생이야
내가 글 써도 되는지 모르겠네..

나 클래식 진짜 진짜 너무 좋아해
매번 연주 보러다니는건 무리여서 유툽으로 많이 찾아보는데 (지구반대편 연주회랑 50년 전 연주 영상도 나오더라..!)
우리학교 음대 학우들도 그렇게 잘 돼서
내가 유툽으로 많이많이 찾아볼 수 있게 되면 좋겠어

예술은 멀리서 볼때는 희극이라서 나는 너무 즐겁게 감상하거든 가까이서 직접 하는 너희에겐 영광은 잠깐이고 고통의 시간이 더 길겠지만.. 그래도 화려하게 계속 무대에 나와주면 좋겠어
아직 나처럼 클래식 음악을 좋아하는 사람들이 많이 있을테니까..",[]
55,2022-05-28 21:01:00,범죄도시2,마동석 죽음ㅋㅋㅋㅋㅋ,[]
56,2022-05-28 20:14:00,'그 손가락' 논란 피해감,아니 근데 시발,[{'악플/욕설': '아니 근데 시발'}]
57,2022-05-28 17:07:00,동민게이야….,부끄러운 줄 알아야지,[{'악플/욕설': '부끄러운 줄 알아야지'}]
58,2022-05-28 17:55:00,0,개삼성 제발 해체,[{'기타 혐오': '개삼성 제발 해체'}]
59,2022-05-28 19:03:00,0,제발 정신 차려라…. 뭐하는 놈인지 모르겠는데 만나자는 글에 들어갔다가 너무 무례하게 굴어서 더이상 연락 안한다고 했는데 이런 쪽지 계속 보내고… 차단한줄 알았는데 뒤늦게 들어가보니까 이딴식으로 보내놨네 ㅋ… 진짜 너 제정신 아니다 정신 차려라,[{'악플/욕설': '제발 정신 차려라…. 뭐하는 놈인지 모르겠는데 만나자는 글에 들어갔다가 너무 무례하게 굴어서 더이상 연락 안한다고 했는데 이런 쪽지 계속 보내고… 차단한줄 알았는데 뒤늦게 들어가보니까 이딴식으로 보내놨네 ㅋ… 진짜 너 제정신 아니다 정신 차려라'}]
60,2022-05-27 19:56:00,0,"예전에는 술을 그렇게 마셨는데
이제는 술먹는 시간도 아깝고
이성인 친구는 이성이라 만나면 불편하고
동성인 친구는 또 묘하게 사는 결이 다르고
연애도 또 하려니 설레는 건 하나 없고
시작도 전에 귀찮고 질리고 피로해

혼자 그냥 요모조모 하는 저녁이 나름 만족스러운데
사람만 만나면 다 거슬리고 피로한 것이 걱정스럽다
결혼은 뭐 선택이라도 사람끼리 부대끼며 사는게 삶인데 흐음…. 원래 사교성 좋고 챙기는 사람도 많아서 두루두루 잘 지냈는데 그 관계 모두가 무료해

다들 이런가?",[]
61,2022-05-28 18:38:00,ㅇㅎ) 구성강교 과정.jpg,서로 연결되는...,[]
62,2022-05-28 13:47:00,0,소변보는데 음경에서 미세한 진동이 느껴지더라고요. 분명 시간당 같은 양이 부드럽게 지나가는데 왜 떨림이 생기는 건지 궁금합니다. 유체역학에서 이런 현상을 뭐라고 하나요?,[]
63,2022-05-28 16:11:00,0,올해 수학과 졸업생 2명 아이비리그 입성!! ??,[]
64,2022-05-28 01:07:00,0,"산책하다가 쉬는 중에
사람 지나가니까 고개 같이 따라가는거 ㄱㅇㅇ?",[]
65,2022-05-28 15:31:00,0,"에타에서 인간관계 맺는 가이드
.
.
.
.
안녕하세요
고학번 에타 고인물이에요
자랑할건 아니지만요

오늘은 에타에서 사람을 많이 만나본 입장으로써 에타엔 어떤 사람들이 있는지, 또 그들을 어떻게 만나야 슬기로운 지 휴먼러닝 빅데이터를 기반으로 알아보도록 하는 시간을 가져보아요.

혹시 비게 사람들은 전부 밖에서 사람 못만나는 모쏠아다찐따라고 생각하고 계신가요?
쪽지나 댓글보면 맨날 '나 괜찮은데 오늘 만날 여자?ㅎㅎ' 거리고 있으니 그런생각이 들만도 해요.
쪽지로 ""여자야?"" 폭탄세례를 맞아봤다면 더더욱 그렇게 생각할 수 밖에 없겠죠.

물론 맞는 말이지만, 정확히는 절반만 맞는 말이에요

(1) 비게에 있는 사람들

비게에 모이는 사람들의 포인트는 어떤이유로든 ""하고 싶은말이 있는데 밖에서 못하는 사람들"" 이라는 거에요.
모쏠 아싸라 진짜 말할 친구가 없을 수도 있고, 남들과 다른 유별난 성벽과 성욕을 가져서 여기서 풀고 싶어할 수도 있고, 힘들고 우울한데 밖에서 말할수 없어서 비게로 흘러들어왔을수도 있고, 인정 욕구가 가득해서 밖에서 그러면 눈치보이니깐 자랑하러 들어온 사람도 있다는거죠.
이런사람들이 익명게시판에 모여서 하고싶은 말을 늘어놓는게 곧 비게인거죠

그렇기 때문에 대다수의 모쏠아싸에붕이들이 흔히 생각하는 것처럼 ""잘생기고 예쁜 에붕이가 여길 왜 와"" 라고 생각하는건 잘못된 생각이에요. 비게 안에는 생각보다 다양한 사람이 있어요.

물론 모솔찐따가 80%는 됩니다.

(2) 에타에서 사람 만나기

일단 에타에서 사람을 만나는 건 어떤 목적에서든 그리 추천하지 않아요. 특히 본인 멘탈이 취약하면 취약할 수록 더욱요.

다양한 사람들이 모이는 에타이니만큼 그 사람들이 어떤사람들인지 알 수 없고, 모솔찐따가 80%는 넘어갈 비게라면 만남이 재미없을 확률이 꽤나 높습니다. 재미만 없으면 다행이지만 자괴감이 들 수도 있고, 상대방한테 가스라이팅을 당할 수도 있죠. 그럼에도 에타에서 상대방을 만나고 싶다면 다음의 것들을 확실히 해두세요

- 예의 지키기
누가 만나고 싶다~ ㅁㅁ하고 싶다 하고 글을 쓴다고 해서 갑자기 급발진해서 ""나랑 만나자ㅎㅎ"" 따위의 글을 쓰지마세요. 밖에서 사람을 만날때처럼 자기가 어떤사람이고 왜 만나고 싶어하는지 밝혀주시면 아무래도 고려해볼만 해지거든요.

- 급작스럽게 만나지 않기
모솔찐따 에붕이들은 사실 대화하다보면 밑천이 다 드러나요. 성격이 안좋거나 배려가 안좋은 사람의 경우도 처음엔 자신을 포장하고 있겠지만 얘기를 하면 할 수록 티가 날 수 밖에 없죠. 그렇기때문에 며칠 이상 충분한 시간을 두고 만나는 걸 추천드려요

- 만나기 전에 전화해보기
이것도 위에랑 비슷한 맥락인데, 사실 텍스트보다 전화로 얘기를 해보는 게 좋아요. 자기랑 결이 맞는지 아닌지도 파악할 수 있고 아무래도 목소리까지 들었기 때문에 갑자기 약속을 깨거나 할 확률이 적어집니다.

- 확실한 목적 정하기
그냥 밥이나 먹자, 카페가자 이런거보다는 분명한 목적이 있는게 좋아요. 왜냐면 그래야 만나고 나서 현타가 덜하거든요. 먹어보고 싶었던 거 같이 먹으러가기, 혹은 가보고 싶었던 카펜데 혼자가긴 좀 심심할 거 같은데 가기, 방탈출하기 보드게임하기 등등 목적을 정해놓고 가면 상대가 좀 별로여도 거기 갔다는 목적을 달성했기 때문에 어느정도 만족감이 더해집니다.

- 성관계 할지 말지 정해두기
이렇게 말하면 수많은 여미새들이 ""나는 그런 목적으로 만난게 아니다""고 열심히 변호하겠지만.. 사실 대부분은 하려고 만나려는 거에요. 그렇기 때문에 남자던 여자던 본인이 성관계에 관심없다면 만나기전에 이런부분은 못박아두는게 좋습니다.

더 쓰고 싶은 말들이 많았는데 막상 쓰다보니 쪼금 귀찮아지네요 그래서 오늘은 여기서 마치기로 할게요
혹시 궁금하거나 물어보고 싶은게 있다면 댓글로 알려주세요

그럼 안녕 뿅",[]
66,2022-05-28 16:38:00,왜 오줌에서,"간장게장 냄새가 나지
입맛도네",[]
67,2022-05-27 21:14:00,0,"안녕하세요! 저번에 교환게시판에 교환정보 모은 노션 페이지 올렸던 사람입니다.

생각보다 많은 사람들이 교환학생 준비에 어려움을 겪고 있는 것 같아서 다른 친구들과 함께 “교환학생을 위한 노션”을 만드는 프로젝트를 하고 있습니다.
? https://bit.ly/3FGwLfc

NEW?) 이번주에 에타에 많이 올라왔던 질문들까지 업데이트 해놨으니, 필요하신 분들 이용해보세요!
NEW?)교환학생 사진, 후기 등을 공유하는 인스타그램 페이지도 개설했습니다!

템플릿 이용하고 싶으신 분들은 @toast._.it 인스타 팔로우 후, DM으로 메일주소 남겨주시면 복제링크 공유해드릴게요! (바로바로는 못하더라도,, 이틀에 한번은 확인해볼게요 하핳)",[]
68,2022-05-28 14:17:00,서양 왕사슴 가이즈.jyp,.,[]
69,2022-05-28 14:58:00,9의 배수 판정법,출처 : https://m.dcinside.com/board/hit/17010,[]
70,2022-05-28 14:12:00,아카라카 반성 특집 어때?,"빅뱅
슈퍼주니어
비투비
하이라이트
AOA
에이프릴
레드벨벳
여자아이들
르세라핌

이렇게 초대해서 호응 제일 좋은 그룹은 여론에서 구제해 주는거지

논란 있는 그룹이라 행사비도 저렴할테고, 호응 유도하려고 열심히 할테고 일석이조 아님?

+) 사회는 이수근",[]
71,2022-05-28 14:30:00,본인이 연예계 얘기보다,양자역학 얘기 좋아하면 눌러봐,[]
72,2022-05-28 10:47:00,0,공정처 망한사람 손^^,[]
73,2022-05-22 13:12:00,한국사회 약간 텅빈껍데기같음,"사회전부가 외모, 숫자에 집착하는데 그것도 개도국일때나 쓸모있지

뭐랄까 철학적 고찰이랄까 그런걸 하는 분위기가 결여된거같음.

공허의 국가랄까.

그거의 끝판왕이 소위 케이팝이라하는 유흥문화인거고, 단지 가수의 얼굴 키 몸매만 보고 빨아대는.

이런식이면 금방 나라망하는거 한순간임. 졸부에서 교양있는 부르주아가 될 때지","[{'악플/욕설': '한국사회 약간 텅빈껍데기같음'}, {'여성/가족': '사회전부가 외모, 숫자에 집착하는데 그것도 개도국일때나 쓸모있지'}]"
74,2022-05-28 02:01:00,아카라카 레트로 느낌,"아카라카 2010년대 유명 가수 오면 좋겠다..
옛날 감성 다들 아시죠?

소녀시대
씨스타
티아라
빅뱅
원더걸스
투애니원
레드벨벳
블랙핑크
리쌍
다비치
엑소

2000-2010년대 아이돌, 가수분들 노래가 우리 세대에는 더 대중적이고 떼창하기 좋지 않나요?
20학번인데 22학번도 위에 아이돌 다 알지 않나요ㅠㅠ",[]
75,2022-05-28 10:07:00,기형적 권력의 40대 세대와 갈등 feat 푸틴,"어렸을 때 세대 갈등이라면 그냥 사이좋게 지내면 되지 왜 갈등이라는 게 있을까 생각했는데

저번 정권과 40대 세대의 끈끈한 관계를 보고,

그 아래인 우리가 버려진 세대가 되어가고 있어서 세대 갈등이라는 게 존재하는구나 느꼈음

논의는 대강 번호로 나타내볼게

1. 50-70대들이 늙어서 죽으면 40대가 제일 인구수가 많음

2. 에코붐 90-00년대 초반이 그 다음

3. 지난 정권의 코로나 인한 양적 완화 및 돈풀기는 산업 성장보다는 주택, 전세 대출 완화 위주

4. 이에 사회에서 경제활동 주 계층인 40대들의 갭투자, 담보대출 등으로 집값이 미친듯 상승

5. 우리 에코붐 세대는 적어도 20년 열심히 일했다면, 중위임금 월320기준으로 생활 기반이 좋은 수도권에서 자가 마련이 가능해야했는데 그게 불가능해짐.

6. 40대들은 기형적인 구조로 전정권과 결탁해 정치, 경제적으로 순식간에 기득세력이 되어 한반도 역사상 가장 보수적인 진보가 되어버림

7. 즉 40대들과 전정권의 결탁은 부채를 포함한 부동산 위주의 경제 구조 고도화를 만들었고 이로 인한 유리천장은 에코붐 세대가 다 지게 되었음

8. 어쨌거나 부동산이 경기를 이끄는 나라였는데 그거조차 불가능하게 현재 임계점에 이르렀음

9. 때마침 푸틴이 미친 삽질을 해서 우러전쟁으로 인해 물가상승 심하고 미국은 금리를 계속 인상 현재 3.5%라 하는데 더 오를듯(난 오히려 이 전쟁으로 인해 한반도 마지막 위기탈출이라 생각함)

10. 한국은 당연히 금리 따라가야하는데 그러면 코로나 때 양적완화하고 주택 전세담보대출 해준 거 그대로 망국 테크 타는 거임

11. 금리를 올리면 가장 큰 타격을 입는 건 40대, 그리고 전 세대 다 고통임 그런데 금리 안올리면 그낭 나라가 망함

12. 은마아파트 다시 8억 10억 하던 때로 때려 낮추고 유리천장 없애고 사회에 유동성 확보해야한다

13. 아니면 조선인은 단 한마리도 남지 않을 것, 세대갈등은 이렇게 보이는 거 같음

반박시 너 말 맞음","[{'연령': '기형적 권력의 40대 세대와 갈등 feat 푸틴'}, {'연령': '1. 50-70대들이 늙어서 죽으면 40대가 제일 인구수가 많음'}, {'연령': '6. 40대들은 기형적인 구조로 전정권과 결탁해 정치, 경제적으로 순식간에 기득세력이 되어 한반도 역사상 가장 보수적인 진보가 되어버림'}, {'여성/가족': '12. 은마아파트 다시 8억 10억 하던 때로 때려 낮추고 유리천장 없애고 사회에 유동성 확보해야한다'}, {'인종/국적': '13. 아니면 조선인은 단 한마리도 남지 않을 것, 세대갈등은 이렇게 보이는 거 같음'}]"
76,2022-05-28 11:45:00,0,어제 제 친구랑 소개팅하신 남성 분 축제갔는데 건물 고유진동수가 가수의 진동수와 일치하면 무너질 수 있다느니 불꽃놀이 색이 다른게 서로 다른 종류의 원자의 전자가 들뜬상태에서 바닥상태로 내려올 때 빛이 방출된다느니… 닌 나랑도 손절이에요 ^^,[]
77,2022-05-28 11:31:00,0,한번이라도 정신과 상담 + 약 복용 경험 있으면 추천 눌러보자..,[]
78,2022-05-28 02:10:00,0,"6살 연하 만나고 있는 직장인이에요(여자)
제가 돈을 압도적으로 많이 내고 있는 건 불만이 없어요
(남친이 커피나 담배 하루에 1번+제가 밥 야식 교통비 숙박비 남친 옷 신발 다 사줌)
문제는 제가 30살이에요
저는 솔직히 남친이 지금같은 상태로라면 결혼 전제로 만나기 하기 힘들 것 같아요
안그래도 제 생일 선물도 저한테 돈 빌려서 사주려고 했는데(15만원 짜리였어요) 그와중에 친구한테 빌려준 돈도 한달넘게 못 받아내고, 돈도 없는 와중에 코성형하겠다고 노래를 부르는데 4년제 좋은 대학 나왔는데도 과외보다 머리 안쓰는 최저시급 알바하겠다고 해서요
심지어 그 친구 부모님이 그 친구 만나는데 각서까지 쓰라고 하셨어요 부모님이 저 되게 싫어하시거든요
진지한 고민글 씁니다",[]
79,2022-05-27 20:05:00,0,열받습니다?,[]
80,2022-05-28 09:07:00,이젠 핫게가려고,글 링크 끌올까지하네,[]
81,2022-05-28 06:47:00,현금 분실 (연세대학생들 봐주세요..),"갈색 이렇게 생긴 가죽 돈봉투입니다..

5.26일 밤 11시 이후 연세대 백주년기념관쪽에서 지하주차장1층까지 가는 길에 혹시 주우신분 계시면 연락주세요.. 친구가 들고 가다가 길에 떨어뜨린것 같은데

cctv는 신청해둔 상황입니다
현금 50-100만원 가량이있어요.. 부탁드릴게요",[]
82,2022-05-28 05:58:00,레버 당긴다vs안당긴다,당신의 선택은?,[]
83,2022-05-27 00:11:00,0,아니 내줄거면 좀 일찍 내주지 왜 이제 갑자기 이렇게 올리냐;;,[]
84,2022-05-28 00:12:00,확실히 연예인 공연 자체는 앜랔>>입실이다,"라인업 떠나서 고대는 너무 넓고 사람도 많아서 분위기가 너무 어수선해서 첨에 놀랐음. 내려가면 신나는데 연예인이 안보이고 올라가면 다 앉아있어서 안신남 ㅋㅋㅋㅋ ㅠ

아카라카는 아가리들이 추임새 넣어주면서 일어나게 하고 호응 유도하는데 고대는 그런 거 1도없…

그리고 응원후 바로 연예인이 안나오고 응원 -> 동아리 공연 -> 연예인이라 텐션 급 다운됨.

노천극장이 진짜 신의한수라는 걸 입실 가보고 뼈저리게 느꼈다….

결론: 9월 앜랔 딱기다려",[{'악플/욕설': '아카라카는 아가리들이 추임새 넣어주면서 일어나게 하고 호응 유도하는데 고대는 그런 거 1도없…'}]
85,2022-05-28 02:13:00,0,혜준아 진심을 다해 사랑해,[]
86,2022-05-28 00:33:00,하...지디형 곡 하나 내자,제목은 뷔딱하게로,[]
87,2022-05-27 21:43:00,0,하루종이 똥같은 코드만 싸고있네,[{'악플/욕설': '하루종이 똥같은 코드만 싸고있네'}]
88,2022-05-27 23:25:00,박재범 2pm 짤린 이유 지금 보면 웃기네,이유 : 대한민국 비하,[]
89,2022-05-25 23:28:00,0,"화장실에 휴지통 있는데 변기에 넣는 개같은 매너 뭐냐?
잘 안내려가는 거 알면서 인내심 테스트 하냐?
맨날 니들이 쓴 휴지 변기통에 촉촉하게 젖어있는거
보고 내리는 사람 생각은 안하냐?
휴지통 없으면 말도 안한다
휴지통 매일 비워주시는데도 불구하고 변기에 넣는 새끼
오줌 조절 못해서 바지에 다 묻을 거임 ㅇㅇ 저주임 ㅇㅇ","[{'악플/욕설': '화장실에 휴지통 있는데 변기에 넣는 개같은 매너 뭐냐?'}, {'악플/욕설': '맨날 니들이 쓴 휴지 변기통에 촉촉하게 젖어있는거'}, {'악플/욕설': '휴지통 매일 비워주시는데도 불구하고 변기에 넣는 새끼'}]"
90,2022-05-27 23:19:00,오랜만에 보는 비게 레전드,섹스,[]
91,2022-05-27 18:21:00,남문 운동장에서 눈 2 번 마주친 여성분,이쁘세요,[]
92,2022-05-27 22:39:00,0,"타로 봐줄게! 늘 같은 공지....ㅎㅎ

선착 6명!

따봉 부탁해ㅎㅎ",[{'악플/욕설': '따봉 부탁해ㅎㅎ'}]
93,2022-05-21 01:36:00,0,"학우분들 게시판에서 사람 조심해서 만나세요!
가벼운 만남이 결코 프라이빗한 일대일 관계가 아닙니다
모두가 아는 안주거리 되기가 십상입니다
익명으로 시작했을지 몰라도 같우 학교니까요
신뢰할 수 있는 지인을 더 찾아보세요",[]
94,2022-05-27 21:53:00,아카라카에 소녀시대불러조,응애..,[]
95,2022-05-27 00:36:00,0,오늘 만난 길냥이??,[]
96,2022-05-26 23:06:00,0,"아는 형이 의사 형수님한테 장가들더니
일 때려치고 다둥이 집에서 키우는거 개부럽네

나도 취가 들어서 다둥이 키우고 싶다...
육아하는 아빠가 로망인데 이건 진짜 이루기 힘든 꿈이겠지 ㅋㅋ",[]
97,2022-05-27 21:11:00,솔직히 이쯤되니 아카라카 2학기 하는게 더좋음,"1학기에 우루루 모든 대학축제에 다 겹치는 라인업 뻔한 연예인들
거기서거기 흔하게 가고 별 메리트도 없고 레어한 느낌도 없음
상향평준화 된느낌? 방탄아이유 안오는 이상 화제성도 딱히, 와 역대급 소리도 안나오고ㅋ

연예인들도 코로나끝나고 축제니까 그냥 다 가고싶고 하니까 우루루가는것같은데

오히려 2학기에 하면 진짜 좋을듯
물론 내가 갈수있다는 전제하에.

큰그림이든 등떠밀려서든
2학기 하기로 한 우리학교 응원단 최고ㅎ
2학기에 잘 부탁드립니당",[]
98,2022-05-27 00:18:00,0,너무 힘들다,[]
99,2022-05-27 16:30:00,개인적 아카라카 희망 라인업,"이승철
조용필
나훈아
서태지
임영웅
이문세",[]
100,2022-05-27 19:11:00,입실렌티 스우파 영상 떴다,"https://youtu.be/S25RI-YCs9c

솔직히 이게 좋냐? 호응할 구간 1도 없고 진짜 개빡칠 듯",[{'악플/욕설': '솔직히 이게 좋냐? 호응할 구간 1도 없고 진짜 개빡칠 듯'}]
101,2022-05-27 18:35:00,0,아직도 1회독 못 끝낸 본1?,[]
102,2022-05-27 19:11:00,인도네시아 여성이 말하는 한국의 장점.jpg,.,[]
103,2022-05-27 09:46:00,껍데기같은 사람 너무 싫음,"겉으로 외모, 패션은 멋져. 돈이 많을수도, 권력이 클수도 있지.

근데 속이 비어있어. 가치관이나 생각이 얕아.

이러면 침팬지인거야.",[{'악플/욕설': '껍데기같은 사람 너무 싫음'}]
104,2022-05-27 15:58:00,0,"피터린치 = 유병삼

???",[]
105,2022-05-27 18:21:00,하,ㅋ,[]
106,2022-05-27 00:04:00,0,야... 건조기 빨래 제때 못뺀건 미안한데 그렇다고 멀쩡한 빈 바구니 놔두고 세탁기 위에 빨래를 던져놓냐;;,[]
107,2022-05-27 18:28:00,근데 진짜 페미들 얘 지지함?,"영기리보이니 개딸이니 하면서?

https://n.news.naver.com/article/014/0004843271",[{'여성/가족': '근데 진짜 페미들 얘 지지함?'}]
108,2022-05-27 17:45:00,2017년 아카라카때가 레전설이엇는디,"이때 폴메카트니가 헤이쥬드부르고

연대애들은 후레시켜주고..

메카트니가 합장하면서 캄사합니다.. 했던거아직도 잊지못한다

에드시런이 첫공연이었는데 한곡밖에 안부르고 가서 야유 쏟아졌었는데

알고보니깐 뒤에 라인업이 지리더라..

이러고 우리학교 돈 섭외비로 다 빠져나가서 재정지원제한대학 선정될뻔했엇음

이거 아는사람들은 극소수겠지..",[]
109,2022-05-27 17:05:00,0,"여잔데 지금 이게 성별갈등으로 몰 문제인가?
난 내 친구가 체격 좋은 고딩 남자애 보고
흑심 다 느껴지게 몸좋네 섹시하네ㅎㅎ 이래도 보기 싫을거 같음",[]
110,2022-05-27 17:29:00,입실 지금까지 라인업,"스우파 우승팀
식케이
ph-1
박재범",[]
111,2022-05-27 00:29:00,24시 커플 병신들이 왜 열람실에서 떠드냐,개념좀 챙겨라 병신들아,"[{'악플/욕설': '24시 커플 병신들이 왜 열람실에서 떠드냐'}, {'악플/욕설': '개념좀 챙겨라 병신들아'}]"
112,2022-05-27 17:08:00,0,"미자 다리보고 예쁘다 하는 사람 말고
건전하게 세순이 만나고 싶어하는 나랑 오늘 술마실 여자?",[]
113,2022-05-27 16:46:00,0,"아니 성적 매력 있는 고딩>>>>>>>>성적 매력 없는 성인인데 뭔 소아성애자 드립을 쳐 정신 나갈거 같네
소아 드립을 치려면 유딩 초딩 정돈 갖고 와야지",[{'성소수자': '아니 성적 매력 있는 고딩>>>>>>>>성적 매력 없는 성인인데 뭔 소아성애자 드립을 쳐 정신 나갈거 같네'}]
114,2022-05-27 15:45:00,19 아카라카때,"트와이스가 분위기 ㅈㄴ달궈놓고갔는데
레드벨벳이 찬물끼얹고감",[]
115,2022-05-27 10:41:00,대학와서 친구 사귀는게 너무힘든데,"막 어색한 사람들끼리 만나서 텐션올려서 친한척하고 그런거에 현타와서 잘못하고
친한친구들끼리도 그냥 썰풀고, 이야기 들어주는걸 선호하는 좀 잔잔한 성격임

근데 대학에서 친구 사귀려면 거의다 술자리고, 억텐으로 말도 꾸며서 해야되는데
그게 성격상 잘안되니까 쉽지가않다
난 뭔가 진지하게 발전적인 관계를 맺고싶은데, 고등학교때랑 다르게 진실하게 다가갈기회가 없는거같음
그렇다고 외향적인사람들 흉내내면서 맞지않는옷입으면서 내 인생을 뺏기고싶지는않고
어떻게 해야될까
타협해서 어느정도 가면을 쓰는게 이른바 사회성을 기르는 걸까?
성격엔 정답이 없다지만 인생을 살아가는데 사회에서 요구하는 성격이 정해져있는거같아서
자꾸 나를 그 성격이 되도록 끼워넣어야겠다는 압박이 느껴지네",[{'악플/욕설': '타협해서 어느정도 가면을 쓰는게 이른바 사회성을 기르는 걸까?'}]
116,2022-05-27 14:04:00,신호등 시스터즈,서로 모르는 사이라는 점이 포인트,[]
117,2022-05-27 10:41:00,0,서사입 하,[]
118,2022-05-27 14:14:00,"???: ""이번에 기말 망치면 에붕이 학점 끝장난다""","진짜에요
끽-","[{'악플/욕설': '???: ""이번에 기말 망치면 에붕이 학점 끝장난다""'}]"
119,2022-05-27 11:25:00,0,"지금 우리 방 문 닫는 게 시끄럽다고 2번이나 방문앞에 포스트잇이 붙었는데, 이게.....계속 조심조심했는데도 이러네ㅠ 아무래도 문에 소음방지 고무? 문 닫히는 속도 조절기 그게 고장난 것 같은데 이걸 어따가 말해야 하나.... 하.... 그리고 이게 정말 미안하기는 한데 나도 조심하는데 이러니 어째야 할지를 모르겠다..... 난 새벽 2시 이후로는 밖에 나가지도 않는데;; 그리고 피장파장의 오류라 말하기는 뭐해서 말 안했지만 옆방에서 알람소리, 이야기소리, 문 여닫는 소리 우리도 오밤중에, 새벽에 다 들립니다... 소음 정말 미안한데 우리도 그 소음 버티고 살고 있어....",[]
120,2022-05-25 02:17:00,0,"군산 금강하굿둑, 올드브릭, 조선은행 뒤뜰. 그 외 그림들",[]
121,2022-05-26 19:58:00,0,입법고시 경제학,[]
122,2022-05-26 23:47:00,0,싸워서 하나 더 샀어요??,[]
123,2022-05-27 10:16:00,저학점 미국 탑10 박사유학 합격 썰 푼다,"간단히 스펙을 말하자면

*자연계열 (공대 아님)
*학점 3.4/4.0
*학부인턴 및 학사연구원 도합 2.5년
*SCI급 1저자 1편 (IF: 4), 공저자 3편 (IF: 4~7)
*석사 안함

1. 지원 전에 해야 할 일

우선 미국 박사 입학 프로세스를 이해할 필요가 있는데,

뽑는 인원이 20명이다 하면 미국 시민권자 혹은 영주권자 15명 이상, 외국인은 1~2명 정도라고 보면 평균적으로 맞을 듯

그리고 미국 대학원은 어드미션 커미티에서 뽑는데 보통 3명 정도의 교수로 구성됨

지원자들의 원서를 받으면 커미티에서 일단 학점이나 실적으로 1차 스크리닝을 하고 스크리닝 통과한 후보군을 검토함

이때, 커미티에서 해당 학과의 교수들에게 의견을 물어보기도 하고, 어떤 학과는 그냥 커미티가 알아서 하는 경우도 있음

여기서 가장 중요한 쟁점이 하나 나옴

* 어드미션 커미티들의 연구와 fit이 맞으면 인터뷰를 받을 확률이 높아진다
* 어드미션 커미티에 영향을 줄 수 있는 교수들 (원로 교수라던가, 커미티와 친한 교수들)이 널 밀어주면 인터뷰를 받을 확률이 높아짐

그래서 내가 처음으로 한 작업이 지원한 대학원 20개의 커미티 맴버, 원로교수 (딱 봐도 실적 쩔고 나이 많은 사람)들 중에 내 연구와 fit이 맞는 사람들을 쭉 나열함.

그리고 나열한 사람들한테 이메일을 ㅈㄴ게 돌림

이메일 내용은 간단한 자기소개와 그 분들의 논문을 읽고 감동 받아서 학문적 조언을 얻고 싶다 머 이런 내용 (이때 대학원 입학 얘기는 안하는게 좋다)

대략 30명한테 이메일 돌렸는데 한 5~6명한테 답장이옴

1명은 본인 연구에 대해 굉장히 자세하게 설명도 해주고 그랬고 나머지는 형식적인 답장

자 그러면 여기서 내가 입학 오퍼를 받을 확률이 높아진 대학원 5개정도가 추려진 셈임

이후에 저 사람들이 진행하는 웨비나가 있으면 꾸준히 들어가서 질문도 해주고 얼굴 도장을 찍으면 베스트임. 내가 결국 입학하게 된 대학원의 교수가 웨비나를 매주 수요일에 진행하는데 난 그거 한국 시간으로 새벽인데도 매주 가서 질문함.

이렇게 밑작업을 끝내고 나면 하버드 MIT 스탠포드부터 한 30위권까지 리서치 핏이 조금이나마 맞아보이는 곳을 난사하면 됨. 난 20개 정도 썼음

그렇게 내가 인터뷰 오퍼를 받은 곳이 6군데인데 신기하게도 내가 밑작업한 5군데에서 인터뷰 오퍼가 왔다.

2. 인터뷰

인터뷰는 딴 것 없고 ""서류상의 나""와 ""실제 나""의 거리를 보는 작업이라고 생각함.

인터뷰는 보통 교수 3~5명이랑 보는데 (1:1로 여러 번 보기도 하고 다대일로 보기도 함)

인터뷰 보기전에 인터뷰어가 누군지 알려주니까 그 사람들 연구주제랑 펀딩정보를 꿰차고 가야함.

인터뷰의 핵심은, 내가 대인관계가 원만하고 어떤 연구에도 흥미를 가지고 열려 있으며 동시에 내 분야에 열정을 보여줘야 하는 것임.

이게 다 이유가 있는데

인터뷰 끝나고 교수들끼리 회의를 하면 보통 ""너 얘 들어오면 받을 거야?"" 이런 회의를 진행함

만약 교수가 ""아 얘는 좀..."" 이러면 탈락이고 ""얘 내가 무조건 받음"" 이런 반응이면 붙는 것임. 좀 애매하다 싶으면 웨잇리스트를 받을 것이고.

그래서 인터뷰때는 여러 교수들의 연구도 두루 파악하고 관심을 가지고 있다는 인상을 남겨야 널 뽑으려고 하는 교수들이 많아지고 최종 오퍼를 받을 확률이 높아지는 것임.

여기서 전문성을 강조하겠답시고 본인 연구주제만 얘기하면 인터뷰 내내 교수들이 하품하는 모습도 볼 수 있는데 그러면 광탈이다. 무조건 인터뷰 보는 교수들 연구와 펀딩에 맞게 내가 너네 연구실에 가면 이러이러한 아이디어가 있고 기여할 수 있다! 이런 식으로 나가야하는 것임.

물론 너가 네이처컴 같은 high IF 논문 1저자가 있다면 얘기는 달라지겠지만.

3. 소회

결국 미국 박사도 사람이 뽑는 것임. 학점이 3.5 미만이면 광탈이라니 유학은 아무나 가는 것이 아니라느니 다 의미 없는 얘기임. 결국 커미티가 너를 뽑고 싶게 만들면 장땡인 싸움이다.",[]
124,2022-05-26 18:25:00,0,대학생활은 대면으로 하고싶은데 수업은 비대면으로 하고 싶다,[]
125,2022-05-27 07:03:00,0,"돼지남 회사 출격.
mbti i로 시작하는데 회사에서 인간관계가 제일 힘들다.
신입인데 부서 분위기 매우 드라이해서 아직 분위기 적응도 잘 안되고, 사람들 말 한마디 툭 던지는 것에
오래오래 곱씹게 됨.. 슬기롭게 이겨내야하는데 내 맘 같지 않아...?? 올해 잘 넘기고 부서도 바뀌고 적응한 나 자신으로 바꼈으면 좋겠다.
금요일 잘 이겨내고 좋은 주말 보내자. 화이팅.",[{'남성': '돼지남 회사 출격.'}]
126,2022-05-26 17:11:00,0,"입시 본 친구들 다들 수고했어
더 열심히 해서 행합하러 가자!",[]
127,2022-05-27 02:30:00,0,김건희진짜 이쁘네..,[]
128,2022-05-27 06:57:00,0,"작뚱남 회사 출격
어제 칼퇴하고 동기랑 12,000원짜리 삼선짬뽕에
군만두 추가해서 먹고 씻자마자 잠들었는데
오늘 6시까지 계속 잤습니다 많이 피곤했나봐요
어느새 불금인데 이번 주도 다들 수고 많으셨습니다
주말 재충전 후 다음 주도 달려요(공휴일 있네요)",[]
129,2022-05-26 16:03:00,0,"여기 저 핫게글이 주작이거나 가난 코스프레 글인 이유

1. 국장 안받는다면서 수급자라함

- 말도안되는일 ㅋㅋ.. 수급자면 소득분위 조사 패스라서 무조건 받게 되어있음. 아버지 대산때문에 안된다는데 그럼 애초에 수급자가 불가능함

2. 노가다에서 현금지급 받는사람 있다고함

- 알면 아는 사람들도 많을텐데 평택이나 고덕 삼성반도체 현장에선 이게 불가능함. 대기업 산하 노가다업체라서",[{'기타 혐오': '여기 저 핫게글이 주작이거나 가난 코스프레 글인 이유'}]
130,2022-05-27 02:55:00,0,조져쓰 무슨 말이 필요해~ 모두 날 유급이라고 불러~,[]
131,2022-05-26 22:27:00,응원단,망해가는응원단 ㅋㅋㅋ,[]
132,2022-05-26 23:04:00,0,"프세카 결국 의상 말살형 확정 공지
참 고맙다 우덜식 인터넷반일애국자 트짹이들아
일본 서버가 답이라는걸 다시 깨닫게 해줘서","[{'악플/욕설': '프세카 결국 의상 말살형 확정 공지'}, {'악플/욕설': '참 고맙다 우덜식 인터넷반일애국자 트짹이들아'}]"
133,2022-05-26 22:20:00,화석의 중도 숨겨진 개꿀장소 공유,"구중도 5 - 밀도낮은 24시 b
구중도 6 a - 냉장고 수준으로 시원 (더위타시는 분 추천)
구중도 3,4 구석 테이블 - 밀도 매우낮고 사무실책상(큰책상) 독차지 가능
신중도 5,6 - 큰책상 독차지가능, 고시류 시험 비중높아 조용하고 창가환기 가능
신중도 3 캐럴 - 지어진지 얼마안돼서 다들 모르는데 1인실 독서실같이 쓸수있고, 안에서 말할 수도 있음
신중도 8층카페 - 폐점 이후에도 앞 테이블에서 공부가능
쾌적한 공부하고 광명찾자",[]
134,2022-05-27 00:14:00,에스파,고대 갔는데 생각보다 별로더라,[]
135,2022-05-26 20:59:00,0,마이무것다이가 그만 패라 ㅅㅂ,[{'악플/욕설': '마이무것다이가 그만 패라 ㅅㅂ'}]
136,2022-05-27 01:52:00,의대 핫게글에 가서,"족보, 공부관련해서 훈수두는애들 개웃기네 ㅋㅋㅋㅋㅋㅋㅋ

지방대가 연고대생한테 훈수두는거랑 뭐가다르냐 쪽팔리다 그만해라",[{'악플/욕설': '지방대가 연고대생한테 훈수두는거랑 뭐가다르냐 쪽팔리다 그만해라'}]
137,2022-05-25 08:40:00,0,"잉치킨 신촌점 후기

새벽2시30분에 치킨땡겨서 배민에서 시킴

!!맛없음¡¡

새벽에 장사하는곳들은 거르는게 좋을듯",[]
138,2022-05-26 21:28:00,0,4학사 지하 게이트까지 설치해놓고 왜 직원들끼리만 쓰나요ㅠ,[]
139,2022-05-22 13:38:00,0,"양치하는데 앵무가 목욕하겠다고 세면대 자리 뺏음
양칫물 못뱉는중",[]
140,2022-05-22 13:38:00,0,"양치하는데 앵무가 목욕하겠다고 세면대 자리 뺏음
양칫물 못뱉는중",[]
141,2022-05-27 00:03:00,0,원래 선족으로 미리 보는애들 감안해서라도 '녹강 그대로 틀어서 같습니다. 선족으로 보신분들은 넘기고 다른 족보 보세요' 머 이렇게 달지않나? 어째든 잘써있으면 되는거 아닌가. 왜 과정의 평등을 외치고 있는거야. 그냥 운나쁜거 조금 더 좋은거 가지고 시기하고 질투하고. 내가 10만큼 힘들면 남이 10만큼 힘들어야해? 그런 이상한 논리가 어딨어.,[]
142,2022-05-26 22:18:00,0,나는 행복합니다,[]
143,2022-05-26 23:11:00,0,근골 족장님들 응원합니다,[]
144,2022-05-26 20:27:00,0,간호법제정 막힌거 안타깝다 진짜,[]
145,2022-05-26 14:18:00,0,"미국 박사 과정 2년차

한국에서 석사도 2년 밟고 왔으니 그 간의 소회랄지 몇 자 적어본다.

대학원생으로서 여기서 제일 좋은 점은 학생들 간에 간섭이나 정치가 전혀 없기 때문에 연구실 생활이 너무 편하다는 것.

나이나 연차 따지는 위계 없고 애초에 문화가 서로 다르니까 알아서 적당히 선 지키는 느낌.

한국인들의 시선에선 너무 정 없는 거 아니냐고 할 수 있는데....

한국에서 석사 2년 하면서 틈만 나면 남 뒷담화 듣고

석사 1년차에 뭣도 모르고 한 선배와의 코웍 때문에

나도 모르게 어느 쪽 편이 돼서 정치에 휘말리는 바람에 온갖 소리 다 들었던 거 생각하면 그 놈의 정 없이 사는게 더 나은 거 같음....

또 좋은 점은 펀딩 박사라면 월급이 한국으로 치면 대충 9급 공무원 수준으로 입학 첫해부터 어느 정도 보장되고

말했듯이 서로 간섭 안 하고 연구실에 똥을 싸지르지 않은 이상 내가 출근하든 퇴근하든 아무도 별로 신경 안 쓰니까

시간 자유자재로 쓸 수 있고 컨디션 조절 하는 것도 쉬움.

덕분에 1년차에 결혼도 하고 아내도 현재 임신 중인데 한국에서 주욱 대학원 생활했으면 불가능 했을 것 같음.

안 좋은 점은

한국에 비해 코스웍이 빡셈. 1년차부터 퀄 시험이라는 부담이 있고,

수업도 확실히 세계에서 좀 똑똑하다는 애들을 모아 놓다 보니, 나도 연대에서 학부 다닐때 성적 우등 우수 여러 번 받았지만 여기서 상대적으로 좋은 시험 점수 받고 좋은 학점 받는거 너무 어려움

대학원생으로서는 그 외에 안 좋다 생각되는 점은 모르겠다. 생각 안 남.

미국 생활 자체를 보면 어제 텍사스 초등학교 사고처럼 어디에서 총기 난사라도 일어나면 내가 이 곳에서 안심하고 내 아이 양육하고 학교 보낼 수 있을지 모르겠음.

결론은 대학원 생각이 있고 능력이 되면 학부 마치고 바로 유학 오는거 추천. 석사 2년을 하고 박사 졸 후 한국 리턴을 생각하더라도 나는 미국 나올만 하다고 생각.

대학원생들 졸업까지 다들 힘내자!","[{'악플/욕설': '한국에서 석사 2년 하면서 틈만 나면 남 뒷담화 듣고'}, {'악플/욕설': '말했듯이 서로 간섭 안 하고 연구실에 똥을 싸지르지 않은 이상 내가 출근하든 퇴근하든 아무도 별로 신경 안 쓰니까'}]"
146,2022-05-25 18:25:00,0,"?글로벌인재대학 일일호프?

?연세대학교 글로벌인재대학?이 일일호프를 진행합니다?

?언제 ?
5/26 목요일 오후 7시~ 오전 2시

? 어디서 ?
신촌 별이 빛나는 밤에

? 입장료 ?
사전예약 : 3000원
당일예약 : 4000원

? 사전예약 ?
? 이 글이 올라온 시점부터 사전예약이 시작됩니다
? 아래 구글폼을 작성(단체 당 1인이 예약)
? 사전예약 입장료 3000원을 ‘우리은행 1002-162-708552 김준성’으로 예약하신 분 성함으로 입금하면 예약완료??

??♂ 합석 가능 테이블은 4인만 가능합니다
??♀ 일반 테이블은 2-8인까지 사전예약 가능
※ 일반 테이블은 합석이 불가능합니다
??♂ 상황에 따라 운영 일정이 변경될 수 있습니다.
??♀? 당일 결제는 현금/계좌이체만 가능합니다

? 구글폼 ?
https://forms.gle/xwsNRJiLujuFTrSx8

?문의?
010-8207-0841 : 이준
010-2626-8167 : 김준성",[]
147,2022-05-26 19:22:00,따흐흑 따흐흑 비켜나세요,해병자전거 나갑니다 따흐흐흐흑,[]
148,2022-05-26 14:57:00,0,"3월에 서울대공원 다녀왔는데
아침에 가서그런지 고양이들이 다 자고있어",[]
149,2022-05-26 19:05:00,풍비박산 난 4형제 집안...jpg,ㅋㅋ,[]
150,2022-05-20 09:47:00,0,tBu-tBu 씰...ㅎㅎ...,[]
151,2022-05-26 13:15:00,0,위상수학은 중국어로 拓??라고 한다. 이걸 한국 한자 독음으로 읽으면 척박학이다. 척박..그렇다 위상을 향한 길은 매우 척박하다,[]
152,2022-05-26 16:48:00,청소노동자 요구 그렇게 과한것도 아니네,"1. 시급 최저임금대비 440원 인상

2. 노후 휴게실 개선(지금도 80년대 수준)

3. 샤워실 마련

뭐 이정도는 할만하지않나 근데 민노총 껴서 악으로 무시하는것도 이해는 됨 ㅋㅋ",[]
153,2022-05-26 17:19:00,레이디퍼스트 문화는 여자를 소유물로 봐서 그런건데,"여자를 인격체로 봐달라면서 또 여자는 약자니까 보호해줘, 퍼스트 해줘하는건 자가모순이라 할 수 있지요.

대표적으로 타이타닉에서 양남들은 여자들을 다 탈출시키고 자기들은 죽었지만, 그 시절 여자들에게 투표권은 없고, 여자는 남편이 시키는대로 일만하고 때려도 순종해야 한다는 상업광고까지 나오던 시절이죠.

또, 우크라에서 여자들만 피난을 허용한건 전통적인 관습인데, 이건 여자들을 임신머신으로 봐서 그렇죠. 소련군은 평등을 가치로 여군들도 갈아넣었고요.

여러모로 배려와 평등이 공존가능한가 의문이 드네요.","[{'여성/가족': '여자를 인격체로 봐달라면서 또 여자는 약자니까 보호해줘, 퍼스트 해줘하는건 자가모순이라 할 수 있지요.'}, {'인종/국적': '대표적으로 타이타닉에서 양남들은 여자들을 다 탈출시키고 자기들은 죽었지만, 그 시절 여자들에게 투표권은 없고, 여자는 남편이 시키는대로 일만하고 때려도 순종해야 한다는 상업광고까지 나오던 시절이죠.'}, {'여성/가족': '또, 우크라에서 여자들만 피난을 허용한건 전통적인 관습인데, 이건 여자들을 임신머신으로 봐서 그렇죠. 소련군은 평등을 가치로 여군들도 갈아넣었고요.'}]"
154,2022-05-26 11:58:00,0,프로세카는 한섭이 없습니다,[]
155,2022-05-26 13:03:00,어느 초등학교 가정통신문.jpg,선생한테 저런걸 요구한다고...?,[]
156,2022-05-26 11:57:00,박순애 동문(행정84) 교육부 장관 지명,축하드립니다!,[]
157,2022-05-25 12:35:00,0,이거... 행복일지도?,[]
158,2022-05-26 01:06:00,0,봐도 봐도 웃기네,[]
159,2022-05-26 02:10:00,0,"왜 송도캠에는 독수리상이 없냐
원주에있는거 우리가 뺏어오자",[]
160,2022-05-26 05:21:00,0,기초디지털실험,[]
161,2022-05-23 16:40:00,0,"고학번) 공정처가 글케 빡센 과목이었나
다들 엄청 힘들어하나보네 ㅋㅋ",[]
162,2022-05-25 14:38:00,내가 이근 싫어하는 이유,"200근, 세월호, 예비군, 성추행 논란땜에 원래 부정적인 시각이었다는 점 밝힘.

이번 우크라 사태 한정으로는
1. 여권법 위반
2. 출국하면서 자기 반대하면 다 멍청이인것처럼 말함
3. 국가에서 법에 근거해 ~~처벌할 수 있다 안내한걸 국가에서 방해한것처럼 글 적음
4. 출국할땐 협찬광고
5. 정작 부상당해서는 한국에 와서 의료보험 낭낭하게 타먹고 인스타 폭풍업로드

솔직히 그냥 '현사태 좌시할 수 없어 발벗고 나선다. 문제가 되면 처벌받겠다' 하고 나가서 가끔 생존신고정도만 했어도 멋지다 해줬을거임.

우리 국민이니까 의료보험의 혜택 받는것도 맞는거고.

그런데 한국국적은 장애물인것마냥 굴어놓고 혜택 챙길건 챙기면서 자기는 영웅, 반대하면 머저리 식으로 행동하니 정이 갈 수가 없음.","[{'악플/욕설': '2. 출국하면서 자기 반대하면 다 멍청이인것처럼 말함'}, {'인종/국적': '5. 정작 부상당해서는 한국에 와서 의료보험 낭낭하게 타먹고 인스타 폭풍업로드'}, {'기타 혐오': '그런데 한국국적은 장애물인것마냥 굴어놓고 혜택 챙길건 챙기면서 자기는 영웅, 반대하면 머저리 식으로 행동하니 정이 갈 수가 없음.'}]"
163,2022-05-26 10:45:00,0,"동문근처 ""존재의 이유""

지인과 함께 다녀온 동문 법현학사 근처 ""존재의 이유""에서 생고기 메뉴 후기
1. 밖에 적혀있는 메뉴값과 실제 메뉴판의 값이 서로 다름
2. 들어가면서 일단 앞다리살 2인분을 주문했는데, 고기 가져다주면서 요즘 고기 값이 비싸다고 종업원이 뭐라함. 근데 2인분이 고기 두 덩어리더군.
3. 반찬은 깻잎과 파김치뿐. 그마져도 김치 불판에 구워먹지 말라고 뭐라하며 줌.
4. 고기메뉴 주문시 공기밥+된장+계란찜 세트 추가 가능해서 주문. 밖에는 3천원, 가게안에는 4천원이라고 적혀있길래 가격 확인차 물어보니 5천원이라 하며 짜증냄 ??? 재차 확인하니 각각 1천원, 2천원, 2천원인 메뉴 합치면 당연히 5천원이라 함. 메뉴판은 업데이트 안된거냐고 물으니 4천원에 해주면 되냐고 함. 당황.
5. 이가 안좋아서 고기를 작게 자르며 굽고 있는데 계속 왔다갔다하며 작게 자르면 육즙이 빠져서 맛없다고 상관 함. 내가 어떻게 먹든 뭔 상관인지 당황. 이가 안좋아서 그렇다 말씀드려도 반복.
6. 고기 굽는 중에 와서 아무말 없이 불을 꺼버림. 처음엔 줄인건줄 알고 계속 구웠는데, 아무리해도 안 익어서 확인해보니 꺼져있었음
7. 혼자 해보려다 안되어서 불 좀 켜달라고 하니 잔열도 익혀 먹으라면서 옴. 그리고 고기도 어느정도 익은거니 그냥 먹으라 함. 아직 붉은끼가 보이는데요?
8. 원래는 추가해서 더 먹으러고 했는데 기분 나빠서 그냥 계산하고 나가기로 함. 근데 내가 계산한 가격과 달라서 주문한 메뉴 확인하며 문의. 근데 옆에 있던 남자 종업원이 갑자기 화내기 시작. 더 비싼거 먹고 왜 거짓말하냐고 뭐라함. 주문한건 다른 메뉴였는데, 잘못 주문들어간거였는지 여쭘. 그리고 그냥 말씀해주신 값에 계산해달라고 함. 걍 포기상태였음. 근데 계속 자기가 똑똑히 들었는데 뭔소리하냐고 우기기 시작. 알겠다고, 그 값에 해달라고 하고 나옴. 근데 생각해보니 우리 주문할 때는 그분이 계시지도 않았음. 주방에 있던 여성분께서 주문 받았고, 이후에 남자분이 들어왔는데 뭘 들었다는건지 모르겠음. 그리고 삼겹살인지 오겹살인지 내가 받은 고기를 확인하면서 먹어야하는지 몰랐음. 가져다주길래 아무생각없이 먹었는데, 다시 확인해야했던건가.

3줄요약
이전에 법현학사 살 때 백반 먹으러 자주 갔던 존재의 이유.
오랜만 친구와 고기 먹으려 갔더니 처음부터 끝까지 뭐라해서 잘 먹지 못함.
어제 먹은거 아직도 체한 느낌 남아있는데 소화제 추천 받아요.",[]
164,2022-05-20 02:09:00,0,"진짜 궁금한게

아니…알바 한두개만 해도, 가끔 피자한판 먹고싶을때 그걸 못먹지는 않는데, 아래글글 비롯해서 여기 올라오는 글들을 보면 정말 이해가 안가.
내가 잘 모르는것일 수도 있으니, 너희들이 그런 상황일 수 밖에 없는 이유는 도대체 뭐니.
내 상식으로는 ‘게을러서’가 80%인 것 같아서그래.나머지 20%는 뭐 고시 준비중이거나, 정말 알바를
할 수 없는 상황이겠지만.

참고로 내가 부유해서 그렇게 생각하는건 아니야.
난 지금까지 등록금은 학자금대출받고, 자취 월세나 생활비는 다 혼자 벌어서 해결했어.
나도 참 드럽게 가난해서, 학기중에는 과외나 음식점 등의 알바를 지금까지 멈춘적이 없고, 방학 2달은 1천만원씩 꼭 모았어(노가다로)
이렇게 하니, 오히려 적당히 만족할만큼 먹고 쓰고도 돈이 모이더라.
근데 주변 보면 놀거 다 놀면서 ‘뭐 먹고싶은데 돈이 없다’ ‘커피한잔도 못마시게 가난하다’ 등의 자기동정을 들으면 공감이 정말 하나도 안돼..
여기에 뭐 먹고싶다는 글을 쓰는 시간이면 어디가서 일 조금이라도 하면 해결이 될텐데말이야",[]
165,2022-05-25 01:53:00,0,"요즘요즘에 빙수 그릇이 하나 있었다

그 빙수 그릇은 자기가 아주 예쁜 인스타 감성의 빙수가 될 거라고 생각했다

주위를 둘러봐도 자기 정도면 예쁜 그릇으로 보였고 그릇 제작자도 넌 예쁜 그릇이라고 해줬다

빙수 그릇은 얼음을 열심히 갈아서 그릇을 채워나갔다

빙수의 가치를 정하는 메인 재료를 넣을 시기가 되었다

하필 그 때 메인 재료가 부족한건지 아니면 그 빙수 그릇이 부족하건지 몰라도 그 빙수 그릇은 흔해빠진 팥빙수가 되었다

주변을 둘러보면 누구는 딸기초코 누구는 망고메론 심지어 누구는 캐비어 빙수가 되었다

실제로 맛있는지는 잘 몰라도 비싸보였다

그 빙수 그릇은 자기가 너무 초라해보였다

팥빙수로 자기 삶을 결정짓고 싶지 읺아서 토핑이라도 예쁜 걸 찾아다녔다

그래봤자 꿀같은 토핑은 눈에 보이지 않았고 그냥 흔한 토핑을 빙수 위에 올려놓았다

그러던 와중에 다른 빙수의 도움도 받았다

팥빙수는 커피우유 빙수를 만나서 커피우유 빙수와 같이 토핑을 찾아다녔다

처음엔 커피우유 빙수라도 도와줘서 너무 고마웠지만 이내 팥빙수는 커피우유 빙수를 감당하지 못하고 결국 둘은 헤어졌다

팥빙수는 그 동안 커피우유가 섞여서 커피팥빙수가 되었다

커피우유빙수덕에 분명 많은 경험을 배울 수 있었지만 커피팥빙수는 자기가 잡탕 빙수가 되었다고 생각했다

그렇게 찾아낸 토핑은 어울리지도 않는 캐모마일이었다

캐모마일커피팥빙수는 차라리 자기가 엎어져서 내용물을 다 쏟았으면 좋겠다고 생각했다

그리고 그냥 분리수거 되어서 재활용되었으면 좋겠다고 생각했다

이런 복잡하고 우울한 생각을 말할 데가 없어서 캐모마일커피팥빙수는 그릇제작자를 찾아갔다

그릇데작자는 캐모마일커피팥빙수를 보고 아주 유니크하면서 맛있는 빙수라고 말했다

너가 무엇을 담고 있어도, 사람들이 아무도 안 사가도 예쁜 그릇이라고 말해주었다

캐모마일커피팥빙수는 침대에 누워 울고 있었다",[]
166,2022-05-26 00:45:00,0,생각할수록 영글 로드 개쓸데없는거 많은 것 같아 아니 짜피 초고쓰고 피드백 받고 second draft 쓰고 피드백 받는데 그 전에 summary라든지 analysis paragrph같은건 또 왜 써서 내고 굳이굳이 또 피드백 받는거지? 어짜피 초고 쓰다보면 또 달라져서 다시 피드백 받기되는데...,[{'악플/욕설': '생각할수록 영글 로드 개쓸데없는거 많은 것 같아 아니 짜피 초고쓰고 피드백 받고 second draft 쓰고 피드백 받는데 그 전에 summary라든지 analysis paragrph같은건 또 왜 써서 내고 굳이굳이 또 피드백 받는거지? 어짜피 초고 쓰다보면 또 달라져서 다시 피드백 받기되는데...'}]
167,2022-05-26 09:50:00,이대 공론화 on,이게 맞지,[]
168,2022-05-25 22:35:00,0,멀티버스의 태칰,[]
169,2022-05-26 08:46:00,청와대 침실보는 내모습,.,[]
170,2022-05-26 01:15:00,0,2학사만 생협 없어ㅠㅠㅠㅠ 너무불편해,[]
171,2022-05-26 02:21:00,주의: 우울한 글입니다. 우울 관련 병이 있는 학우들은 안 보는것을 추천합니다,"?새벽감성이라 야 체인 점 양해 부탁드립니다.

우울증으로 공익 다녀와서 복학한 화석학번이야

과는 문과중에서도 취업 안되기로 유명한 과고,

자격증? 학점? 그런건 우리집에서 키우는 고양이들 사료로 줬음

갖고있는 거라곤 연세대 3글자랑, 그나마 영어는 잘해.

토익같은거 공부 안하더라도 설렁설렁 가서 시험보면 980점 나와

근데 이제 다음학기 (심지어 초과학기임) 다니면 진짜 졸업이고

졸업하고 나서 미래가 너무 걱정이야.

좋아하는게 게임, 소설, 웹툰 이쪽이라 이왕이면 그쪽 진로를 가고싶지만

부모님은 어떻게든 기자나 -사 자 붇은거 시키려고 하고.

좋아하는 쪽으로 가려고 해도, 당장 뭐부터 해야 할 지 모르겠어.
영어만 잘하는 대학 괜찮은 문과 취준생은 널렸잖아

그래서 공익 하면서, 전역하고 나서 많이 나아졌다 생각했던 우울증이 더 더 심해지는거 같아.

그냥 너무 고민이 많고, 고민이 많아서 괴롭고.

괴로우니까 힘들고, 힘드니까 다른거 할 의욕이 떨어지고.

그나마 복학하고 듣는 수업들은 군대가기 전보다는 재밌더라. 취업에 정말 0.1도 도움 안되는 학문들이라 씁슬하지만,

차라리 진작 이렇게 학점 따놓을걸 후회도 되고

지금 이렇게 사는것도 후회돼.

그냥 지금 창문을 열고 휘ㅡ 하면 자유로울까. 란 생각도 많이 들어.

그럴 용기가 없고, 그럴 생각도 들지만

그만큼 고민이 되니까 괴로워.

집 분위기도 안좋고.

사실 무슨 말이 쓰고싶은지도 잘 모르겠어

그냥 너무 너무 너무 너무 불안한데, 가족들한테 말하긴 무서워서

익명이라는 가면 쓰고 이렇게 임금님 귀는 당나귀 귀 하고 싶은거 같아.

번아웃? 인지 그냥 우울로 인한 지침인지 잘 모르겠어.

근데 그런 내가 또 한심하고.

무한히 악순환 되니까 우스워.

자기 자신을 사랑하라는 말이, 정말 어렵더라구.

길고 우울한 한탄글이라

여기까지 읽은 학우가 있을진 모르겠어.

읽어줬다면, 고마워. 누군가 내 글이라도 읽고 내 흔적이라도 봐주면 그건 그나마 매우 기쁘더라.

읽어준 학우는, 나처럼 고민이랑 걱정속에서 괴로워하지 않는 삶을 살았으면 좋겠어.

긴 글을 어떻게 마무리 해야 할 지 모르겠어.

졸린데 걱정만 많고 잠은 안오니까 육개장 컵라면이라도 끓여먹을래. (육개장 바이럴 아님)

읽어줘서 고마워.","[{'악플/욕설': '부모님은 어떻게든 기자나 -사 자 붇은거 시키려고 하고.'}, {'악플/욕설': '근데 그런 내가 또 한심하고.'}, {'악플/욕설': '무한히 악순환 되니까 우스워.'}]"
172,2022-05-26 07:02:00,0,"작뚱남 회사 출격
제가 회사에서 너무 나댔는지 아직 신입인데 자꾸 타부서 회식에도 차출되네요
저녁값이 굳는건 좋지만 임원급 이상이 오거나 당일에 갑자기 얘기하는건 좀 아쉽습니다
오늘만 잘 버티면 내일은 벌써 불금이네요
다 같이 으랏차차",[{'악플/욕설': '다 같이 으랏차차'}]
173,2022-05-24 18:08:00,축제에는 에스파 아이브보단,"트와이스 레드벨벳 아니냐

히트곡들이 더 축제 분위기 나는 듯",[]
174,2022-05-25 22:44:00,0,"네이버 평점 4.85 라멘집 '렌게'와 카페 2개

서강대역에서 따릉이 타고 학교 가는 길에 발견한 집이에요
네이버 지도 평점이 높길래 라멘 좋아하는 친구 둘 데리고 왔어요",[]
175,2022-05-26 01:43:00,내기준 슬픈썰 원탑,열번은 넘게 봤는데 볼때마다 눈물남,[]
176,2022-05-26 01:15:00,전쟁중에도 아이는 태어난다,ㅠㅠㅠ,[]
177,2022-05-25 21:21:00,0,"연희동 토굽스커피

커피랑 토스트 파는 작은 카페인데 햄치즈야채 3000원 아메리카노 2500원입니다 사진은 햄치즈야채토스트 2인분 나름 양배추가 많아요

이삭토스트랑 비교해보면 가성비는 비슷하고 덜 자극적인 맛입니다 크기가 작아서 한개 반은 먹어야 배부를 것 같습니다

제가 갔을 때는 사장님 혼자 일하셔서 음식은 조금 천천히 준비되는데 주변 잼민이들 핫플인 것 같습니다 학교 마치고 학원 가기 전에 토스트 한개 때리는 느낌이랄까 하여튼 그렇습니다

저는 딴것보다 스위트콘 들어간 계란부침이 맛있어서 다음에 가면 제일 기본인 계란야채토스트 두개 먹을라구요 위치는 연희삼거리 근처입니다",[]
178,2022-05-26 00:24:00,0,"대학교 1학년부터 7년간의 오랜 연애가 끝나고 지금 새로운 사람을 만나고 있는데 사랑/ 이별노래를 듣거나 나의 20대를 떠올려보면 가슴을 뭉클하게 하고 가장 먼저 떠오르는 사람은 지금 만나는 분이 아니라 오랜연애를 했던 그 친구다… 이러면 안되는 거 아는데 현 애인과 같이 로맨스영화를 보면 그 사람이 떠오르고 눈물이 맺힌다..
지금 만나는 분도 너무 좋은 사람이고 현재 결혼을 계획하고 있지만 몇년 후, 심지어 아이가 생기고 나서도 내 마음 한 구석에 옛 애인에 대한 그리움이 남아있을까봐 너무너무 무섭다….
분명 지금도 날 너무 사랑해주고 나도 아끼고 사랑하는 사람인데, 이런 마음으로 결혼이 가능할까…
욕 먹을 거 알지만 누구한테 말도 못하고 늦은 시간 혼자 소주 마시면서 글 남겨봅니다 ㅠㅠ
저와 비슷한 상황인 분 계신가요..",[]
179,2022-05-25 22:47:00,0,"송씨를 해보고 싶었던 것 같다

외모가 미친듯이 마음에 들었던 것은 아니다
그러나 이 정도면 괜찮다고 생각했다

그렇지만 얼굴을 보면 설레지는 않는다
그래도 가끔 큰 키와 넓은 어깨를 보고 설레기는 했다

아니다
가로등 아래서 너를 올려다 보는 나의 모습에 들떴던 것 같다
늦은 새벽에 이성과 단둘이 있어보는게 처음이라 괜한 멋쩍음에 눈동자는 방황했고
그런 나를 보며 너는 춥다고 하며 손을 내밀었다

그 손 잡지 말 걸

맞잡은 손으로 전해지는 사람의 온기를 너무 오랜만에 느껴봐서 설렜다
그런데 너라서 설렌 건 아닌 것 같다

그냥 내 청춘의 시작을 연애로 꾸며볼 생각이었다

그냥 송씨가 해보고 싶었다

미안하다",[{'악플/욕설': '외모가 미친듯이 마음에 들었던 것은 아니다'}]
180,2022-05-26 00:10:00,0,"YBS 체험 후기

1. 필기시험부터 웃겼음 거의 인생을 써내라 수준
별 거 아닌 걸 계속 물어봄 다 의도 비슷한 질문들임
본인 인문논술 체험자인데 그것보다 글 더 많이 씀

2. 카메라 테스트 재밌었음ㅋㅋㅋㅋㅋㅋㅋ
별 거 다 시킴 배우 뽑나 싶었음

3. 방송부 하나 들자고 2시간 반씩이나 앉아서 쓰라는
이유를 모르겠음

결론 : 왜 똥군기 소리 나왔는지 알겠고 쓸데없이 격식
갖춘다. 그래도 재밌긴 했다. 나를
떨어트리다니 보는 눈이 없는 게 분명하다.",[{'악플/욕설': '떨어트리다니 보는 눈이 없는 게 분명하다.'}]
181,2022-05-25 16:48:00,0,손석구 존나멋있다 썅,[]
182,2022-05-25 21:43:00,0,한화이글스 ㄹㅇ 우승 ㅅㅅ,[]
183,2022-05-25 21:41:00,0,생산공학 야동,[]
184,2022-05-25 22:44:00,중도 하루종일 앉아서 피파 스쿼드 짜는 사람은 뭐임?,볼때마다 저러고 있는데 저럴거면 걍 집에서 놀지 왜옴?ㅋㅋㅋㅋㅋ,[{'악플/욕설': '볼때마다 저러고 있는데 저럴거면 걍 집에서 놀지 왜옴?ㅋㅋㅋㅋㅋ'}]
185,2022-05-25 21:56:00,0,"중도에서 서문까지 우산좀 씌워주실분..
음료수 사드릴게요 ㅠㅠ
1층 엘베 근처 흰색카라원피스에요",[]
186,2022-05-25 22:13:00,그대가 조국 후기,"이것은 영화가 아니다.
이 것을 볼 의향이 있는 모든 이들에게 대신하여 권장하고픈 컨텐츠가 있는데, 조국 전 법무장관 인사청문회를 조국 장관의 답변만을 듣고 다른 이들의 질문은 전부 넘기며 보는 것이 그것이다.
답변만 듣는 게 무슨 의미냐고? 내 말이.

이것은 콘서트다. 모든 관객은 열광할 준비가 되어있고 - 아버지가 저녁 맛있게 먹고 영화보러 가자고 하여 즐거운 가족모임을 기대하던 한 불쌍한 대학생을 제외하면 - 그 관객의 입맛에 맞는 음악을 빵빵 들어주는 콘서트.

이 콘서트의 시작에는 감독과 조국 전 장관이 출연해 본 다큐멘터리를 시청해 주셔서 감사하다고 한다. 이 문장은 전부 거짓이다. 이것은 다큐멘터리도 아니고, 감사해야 할 것은 감독과 장관이 아니라 듣고 싶은 말을 두 시간 분량으로 시원하게 들은 팬들이다.

러닝타임 두 시간 십사분, 백삼십사분, 팔천사십초의 95퍼센트는 각기각층의 조국 수호자들의 인터뷰로 구성되어 있다. 입증도 없이, 내가 검찰과 언론에 대해 이러이러하게 악마적으로 느꼈다는 진술을 일방적으로 내뱉을 뿐이다.

그나마 제시되는 자료는 판결문과 포렌식 자료 정도인데, 이것도 검찰이 제시한 것을 단순부정할 뿐이고 - 아니, 더 논하지 않겠다. 본 사안에 대해서 필자는 더 판단할 역량이 없다. 다만 <그대가 조국>의 시선이, 모두가 짐작했듯, 지독하게 일방적이며 그것을 숨길 생각도 없이 그저 스피커에 외쳐대고 있음을 알릴 뿐이다 .

줄거리도, 요약도 없다. 굳이 요약하자면 검찰은 대한민국의 모든 법리를 왜곡하고 정치수사를 할 힘을 가진 집단이며 언론은 그런 검찰의 나팔수고 그들에 맞서 싸우다 억울한 파멸을 맞게 된 조국 전 장관의 가족이 있으며 다음은 당신이 될 수도 있다는 것이다.

이러한 구성은 영화, 혹은 민감한 정치사안을 노골적으로 다룬 다큐멘터리에선 용납될 수 없겠지만, 발상을 고쳐보자. 콘서트라고 생각하면 퍽 납득된다. 어떤 멍청이가 아이유 콘서트에서 에스파 노래도 한 곡쯤 틀어달라고 외치겠나? 아이유의 꿀보이스만 들으면 되는 것이지 다른 가수의 목소리를 들을 이유없다고 할 것이다.

마찬가지로 조국 전 장관의 열띤 지지자들 - 영화 중간중간 국힘 의원이 나오면 저 씨발새끼를 중얼거리던 - 을 위한 콘서트에 반대의견이나 정치중립을 지킬 이유도 없다 하겠다.

긴 효도였다.",[{'악플/욕설': '마찬가지로 조국 전 장관의 열띤 지지자들 - 영화 중간중간 국힘 의원이 나오면 저 씨발새끼를 중얼거리던 - 을 위한 콘서트에 반대의견이나 정치중립을 지킬 이유도 없다 하겠다.'}]
187,2022-05-23 22:05:00,0,앞으로도 쭉 곁에서 발냄새를 풍겨줘,[{'악플/욕설': '앞으로도 쭉 곁에서 발냄새를 풍겨줘'}]
188,2022-05-25 14:15:00,전교조가 싫어하는 교육감 후보,ㅈㄱㄴ,[]
189,2022-05-25 20:16:00,이 정도는 되어야 fearless 아닐까,실명 정도는 까야 진정한 fearless,[]
190,2022-05-25 19:38:00,지하철 노인 핸드폰 폭행한 사람 양형 떴다,"징역 2년 ㅋㅋ
간호조무사로 일하면서 노인혐오 ㅋㅋ",[{'연령': '간호조무사로 일하면서 노인혐오 ㅋㅋ'}]
191,2022-05-25 20:13:00,시금치를 너무 많이먹은 오은영 박사,.,[]
192,2022-05-25 19:58:00,공군 792기다. 우리때 훈련은 이랬다.,"자대 전입온 지 일주일이 되는 날 큰 훈련이 있었다.

공군출 병장님이 다짜고짜 나를 버스로 데려갔다.

""총을 실어라.""

M16과 K2, M60을 선임들과 함께 힘을합쳐 버스에 싣자 선임들은 버스에 탑승하기 시작했고 곧 이어폰으로 음악을 듣다 잠들어버렸다.

무언의 압박에 의해 나는 가만히 서 있었다.

그 때 공군출 병장님이 보라매처럼 달려와 말씀하셨다.

""얼른 버스에 타라.""

""잘 수 있을 때 자둬라.""

나는 영문도 모른채 버스에 탑승했고 공군출 병장님은 말씀을 이어나가셨다.

""명심해. 공군은 6보 이상은 차량으로 이동한다. 훈련지까지 걸어서 이동하는 짓은 하지 않아. 어디서 군대다큐같은 걸 보고왔는지는 모르겠지만 이 곳에서는 아무도 너에게 행군같은 걸 시키지 않는다. 그리고 훈련장 밥이 맛없으면 컵라면을 마음껏 먹어도 좋다.""

""혹한기도 마찬가지다. 우린 그런 짓은 하지 않아. 추우면 실내에서 이불덮고 자야지 구덩이를 왜 파. 유격도 안한다.""

그 말 몇 마디에 나는 공군정신을 배울 수 있었고 마침 창밖에 보이는 행군하는 해병대의 행렬을 바라보며 공군출 병장님은 말씀하셨다.

""어후시발 힘들겠다.""","[{'악플/욕설': '""어후시발 힘들겠다.""'}]"
193,2022-05-25 19:11:00,이제 메호 대전 가고 10년간 음홀대전인데,홀란드 음바페 중 누가 더 잘생겼냐?,[]
194,2022-05-25 19:44:00,0,진짜 너무한거 아니냐ㅋㅋㅋㅋㅋㅋㅋ,[]
195,2022-05-25 19:25:00,보고올게....,날 위해 기도해줘...,[]
196,2022-05-25 18:47:00,아싸 수집가 나밖에 없음?,과에서 아싸일거 같은 애한테 그냥 친해지고 싶다고 밥먹자 하고 밥먹을때 ㄹㅇ 신나게 말하고 친해짐. 근데 나온애가 인싸면 안됨 내가 말이 없어짐. 이렇게 사귄 친구들 5명인데 좋은게 진짜 다 착함. 근데 또 친해진 친구들 만나게 3명 이상 모이면 분위기 박살나서 안댐 ㅋㅋ 친구들 사랑해,[]
197,2022-05-25 18:21:00,밤길 불안 자료 본 논문 팩트체크,"http://repository.kihasa.re.kr/bitstream/201002/29994/1/2018.07%20No.261.06.pdf

우선 링크는 여기있고, 아마 여러 커뮤에서 떠돌아다니면서 작성자 우선희 연구원 본인도 전혀 예상치 못한 화제를 불러일으키고 있는 자료가 아닐까 싶다. 우선 첫번째 사진을 가져오면서 여자들을 정신병 취급하는 글들을 하도 많이 봐서 원 자료 찾아보고 싶었음.

1. 남자 여자 모두 상대적으로 불안감을 많이 느낀다.

두 번째 사진 보면 알 수 있듯이 불안 응답 정도는 모든 국가에서 여성>남성이었고, 이건 남성에 비해 신체적, 물리적 측면에서 취약 계층이기 때문에 당연한 것으로 보임. 본 논문에서도 “모든 국가에서 여성이 남성보다 불안감을 많이 느끼는 것으로 나타나며, 이는 유의 수준 0.001에서 통계적으로 그 차이가 유의미하다”라고 얘기함. 우리나라가 특이한 점은 남성과 여성 모두 조사 국가 중 최상위권이라는 점임. 여성은 체코, 독일, 프랑스에 이은 4위였고, 남성은 러시아에 이은 2위였음. 즉, 우리나라는 남여 가릴 것 없이 다른 나라에 비해서 상대적으로 불안감을 많이 느낌. 남자와의 절대적인 차이가 압도적이지 않냐? 라고 하면 그건 또 아님. 필자가 계산해 본 결과 이는 15.3%로, 전체 16개 조사국 중 9위로사회 안전망이 잘돼있어서 불안정도가 전체적으로 낮은 북유럽 국가들을 제외하면 가장 낮은 축에 속함.(스위스 포함 북유럽 5개국) 이는 우리나라가 위해 정도에 비해서 남녀 모두 다 상대적으로 불안감을 많이 느낀다고 해석할 수 있음.

2. 위해 경험이 있는 사람이 불안감을 느끼는 경향이 강하다.

세번째 사진 보면 알 수 있듯이 우리나라는 위해 경험 여부에 따라서 불안감 느끼는 정도가 매우 큼. 한눈에 봐도 가장 높고, 위해 경험 없는 응답자와 있는 응답자간의 차이도 가장 큼. 이 논문에서는 이 사실만 언급함. 내 생각은 우리나라가 워낙 좁은 나라도 인구밀도도 높고, 어릴 때부터 보수적으로 크는 경우가 많기 때문에 한번이라도 위해를 받은 사람은 더 불안감을 느낄 확률이 클 듯. 해외 애들은 그런 게 워낙 많고, 어릴 때부터 부모 품 벗어나서 자유롭게 돌아다니는 경우도 많으니 “그럴 수 있지” 라고 생각한다면, 우리나라는 절대 그렇게 못 받아들일 것 같아. 남녀 불문하고.

3. 노인 계층, 도시화 정도, 소득별 불안 정도는 통계적으로 유의미하지 않다.

본 논문은 다양한 독립변수를 설정했는데 그 중 노인계층, 도시화, 소득별로 불안감이 달라진다고 보았음. 근데 앞에 두 개는 한국 같은 경우 통계적으로 유의미하지 않았고, 소득별 불안감도 절대적 소득에 따른 불안감은 통계적으로 유의미하지 않았음.

4. 젊은 층(34세 이하)에서 불안감을 많이 느낀다.

4번째 사진에서 보면 알 수 있듯이 34세 이하에서 불안감을 느끼는 정도가 강함. 대부분 국가에서 65세 이상 노인분들의 불안 정도가 연령대에서 높았지만 우리나라와 영국만 특이하게 34세 이하 연령층의 불안감이 가장 높았음. (이거에 대한 해석도 뒤에 결론에서 함) 아쉬운 것은 여기에는 남녀별 응답이 없어서 그것에 대한 추론은 가능해도 해석은 불가함.

5. 대인신뢰도가 불안감에 영향을 미친다.

모든 국가에서 대인신뢰도 평균 이하에 해당하는 집단이 평균을 초과하는 집단보다 불안을 느끼는 사람이 많은 것으로 나타남.

6. 유럽과 상반되게 한국은 교육 수준이 높을수록 불안감이 높다

제곧내. 논문 읽어보길 추천.

7. 우리나라의 위험 대비 높은 불안감 원인은 많은 미디어 노출?

우리나라는 특이하게 노인보다 비노인층(논문표현임 시비ㄴ)의 불안감이 높았는데, 이에 대한 원인을 ‘높은 미디어 정보 접근성’으로 분석했음. 아무래도 저연령층이 TV 말고도 인터넷 등 다양한 경로로 범죄 소식을 많이 접하다 보니 범죄에 대한 불안감이 높아진다는 것임. 실제로 이재영, 정병수(2016)의 연구에 따르면 인터넷 뉴스 이용 시간이 증가할 수록 범죄에 대한 두려움이 크게 나타났다고 함. 인터넷 강국이자 사용량도 강국인 우리나라에서 충분히 가능한 해석인듯. 강력 범죄는 항상 있었지만 어떤 범죄가 뉴스에 뜨냐에 따라서 사회적 이슈가 많이 변하는 건 나도 너무 많이 느꼈던 지라. 교육수준이 높을 수록 불안감이 높은 것도 논문에서는 같은 맥락으로 해석할 수 있다고 설명함.

이 정도 살펴봤는데, 내 궁금증은 해소가 되었다. 이 논문 자료로 여자를 피해망상증 취급하는 건 역시나 잘못된 사고이자, 오류인 것 같다! 모바일로 써서 너무 힘드네.. 다들 아름다운 학교 생활하렴. 연세대 사랑함. (싸우지마)",[]
198,2022-05-25 18:27:00,아빠가 오백만년만에 영화보재서 나왔는데,"무슨 영환지 끝까지 안알려주고 이제 막 잠실도착했거든
닥스는 아닐거고 범죄도시나 잡영화일거라고 생각했는데
그대가 조국 이네... 진짜 미치겠다
포스터도 두장이나 받았는데 왜 나도 안하는 덕질을 아빠가 해",[{'악플/욕설': '그대가 조국 이네... 진짜 미치겠다'}]
199,2022-05-25 10:06:00,0,연습 문제 풀었어요 교수님… 기억이 안나서 그래쪄염,[]
